     1                                  ;------------------------------------------------------------------------------
     2                                  ; @file
     3                                  ; This file includes all other code files to assemble the reset vector code
     4                                  ;
     5                                  ; Copyright (c) 2008 - 2013, Intel Corporation. All rights reserved.<BR>
     6                                  ; Copyright (c) 2020 - 2024, Advanced Micro Devices, Inc. All rights reserved.<BR>
     7                                  ; SPDX-License-Identifier: BSD-2-Clause-Patent
     8                                  ;
     9                                  ;------------------------------------------------------------------------------
    10                                  
    11                                  ;
    12                                  ; If neither ARCH_IA32 nor ARCH_X64 are defined, then try to include
    13                                  ; Base.h to use the C pre-processor to determine the architecture.
    14                                  ;
    15                                  %ifndef ARCH_IA32
    16                                    %ifndef ARCH_X64
    17                                  
    18                                  
    19                                  
    20                                  
    21                                        %define ARCH_X64
    22                                  
    23                                    %endif
    24                                  %endif
    25                                  
    26                                  %ifdef ARCH_IA32
    27                                    %ifdef ARCH_X64
    28                                      %error "Only one of ARCH_IA32 or ARCH_X64 can be defined."
    29                                    %endif
    30                                  %elifdef ARCH_X64
    31                                  %else
    32                                    %error "Either ARCH_IA32 or ARCH_X64 must be defined."
    33                                  %endif
    34                                  
    35                                  %include "CommonMacros.inc"
    36                              <1> ;------------------------------------------------------------------------------
    37                              <1> ; @file
    38                              <1> ; Common macros used in the ResetVector VTF module.
    39                              <1> ;
    40                              <1> ; Copyright (c) 2008, Intel Corporation. All rights reserved.<BR>
    41                              <1> ; SPDX-License-Identifier: BSD-2-Clause-Patent
    42                              <1> ;
    43                              <1> ;------------------------------------------------------------------------------
    44                              <1> 
    45                              <1> %define ADDR16_OF(x) (0x10000 - fourGigabytes + x)
    46                              <1> %define ADDR_OF(x) (0x100000000 - fourGigabytes + x)
    47                              <1> 
    48                              <1> %macro  OneTimeCall 1
    49                              <1>     jmp     %1
    50                              <1> %1 %+ OneTimerCallReturn:
    51                              <1> %endmacro
    52                              <1> 
    53                              <1> %macro  OneTimeCallRet 1
    54                              <1>     jmp     %1 %+ OneTimerCallReturn
    55                              <1> %endmacro
    56                              <1> 
    57                              <1> StartOfResetVectorCode:
    58                              <1> 
    59                              <1> %define ADDR_OF_START_OF_RESET_CODE ADDR_OF(StartOfResetVectorCode)
    60                              <1> 
    36                                  
    37                                  %include "PostCodes.inc"
    38                              <1> ;------------------------------------------------------------------------------
    39                              <1> ; @file
    40                              <1> ; Definitions of POST CODES for the reset vector module
    41                              <1> ;
    42                              <1> ; Copyright (c) 2009, Intel Corporation. All rights reserved.<BR>
    43                              <1> ; SPDX-License-Identifier: BSD-2-Clause-Patent
    44                              <1> ;
    45                              <1> ;------------------------------------------------------------------------------
    46                              <1> 
    47                              <1> %define POSTCODE_16BIT_MODE     0x16
    48                              <1> %define POSTCODE_32BIT_MODE     0x32
    49                              <1> %define POSTCODE_64BIT_MODE     0x64
    50                              <1> 
    51                              <1> %define POSTCODE_BFV_NOT_FOUND  0xb0
    52                              <1> %define POSTCODE_BFV_FOUND      0xb1
    53                              <1> 
    54                              <1> %define POSTCODE_SEC_NOT_FOUND  0xf0
    55                              <1> %define POSTCODE_SEC_FOUND      0xf1
    56                              <1> 
    38                                  
    39                                  %ifdef DEBUG_PORT80
    40                                    %include "Port80Debug.asm"
    41                                  %elifdef DEBUG_SERIAL
    42                                    %include "SerialDebug.asm"
    43                                  %elif 0
    44                                  ; Set ^ this to 1 to enable postcodes on the qemu debug console.
    45                                  ; Disabled by default because it is incompatible with SEV-ES/SEV-SNP and TDX.
    46                                    %include "QemuDebugCon.asm"
    47                                  %else
    48                                    %include "DebugDisabled.asm"
    49                              <1> ;------------------------------------------------------------------------------
    50                              <1> ; @file
    51                              <1> ; Debug disabled
    52                              <1> ;
    53                              <1> ; Copyright (c) 2009, Intel Corporation. All rights reserved.<BR>
    54                              <1> ; SPDX-License-Identifier: BSD-2-Clause-Patent
    55                              <1> ;
    56                              <1> ;------------------------------------------------------------------------------
    57                              <1> 
    58                              <1> BITS    16
    59                              <1> 
    60                              <1> %macro  debugInitialize 0
    61                              <1>     ;
    62                              <1>     ; No initialization is required
    63                              <1>     ;
    64                              <1> %endmacro
    65                              <1> 
    66                              <1> %macro  debugShowPostCode 1
    67                              <1> %endmacro
    68                              <1> 
    49                                  %endif
    50                                  
    51                                  %include "Ia32/SearchForBfvBase.asm"
    52                              <1> ;------------------------------------------------------------------------------
    53                              <1> ; @file
    54                              <1> ; Search for the Boot Firmware Volume (BFV) base address
    55                              <1> ;
    56                              <1> ; Copyright (c) 2008 - 2022, Intel Corporation. All rights reserved.<BR>
    57                              <1> ; SPDX-License-Identifier: BSD-2-Clause-Patent
    58                              <1> ;
    59                              <1> ;------------------------------------------------------------------------------
    60                              <1> 
    61                              <1> ;#define EFI_FIRMWARE_FILE_SYSTEM2_GUID ;  { 0x8c8ce578, 0x8a3d, 0x4f1c, { 0x99, 0x35, 0x89, 0x61, 0x85, 0xc3, 0x2d, 0xd3 } }
    63                              <1> %define FFS2_GUID_DWORD0 0x8c8ce578
    64                              <1> %define FFS2_GUID_DWORD1 0x4f1c8a3d
    65                              <1> %define FFS2_GUID_DWORD2 0x61893599
    66                              <1> %define FFS2_GUID_DWORD3 0xd32dc385
    67                              <1> 
    68                              <1> ;#define EFI_FIRMWARE_FILE_SYSTEM3_GUID ;  { 0x8c8ce578, 0x3dcb, 0x4dca, { 0xbd, 0x6f, 0x1e, 0x96, 0x89, 0xe7, 0x34, 0x9a } }
    70                              <1> %define FFS3_GUID_DWORD0 0x5473c07a
    71                              <1> %define FFS3_GUID_DWORD1 0x4dca3dcb
    72                              <1> %define FFS3_GUID_DWORD2 0x961e6fbd
    73                              <1> %define FFS3_GUID_DWORD3 0x9a34e789
    74                              <1> 
    75                              <1> BITS    32
    76                              <1> 
    77                              <1> ;
    78                              <1> ; Modified:  EAX, EBX
    79                              <1> ; Preserved: EDI, ESP
    80                              <1> ;
    81                              <1> ; @param[out]  EBP  Address of Boot Firmware Volume (BFV)
    82                              <1> ;
    83                              <1> Flat32SearchForBfvBase:
    84                              <1> 
    85 00000000 31C0                <1>     xor     eax, eax
    86                              <1> searchingForBfvHeaderLoop:
    87                              <1>     ;
    88                              <1>     ; We check for a firmware volume at every 4KB address in the top 16MB
    89                              <1>     ; just below 4GB.  (Addresses at 0xffHHH000 where H is any hex digit.)
    90                              <1>     ;
    91 00000002 2D00100000          <1>     sub     eax, 0x1000
    92 00000007 3D000000FF          <1>     cmp     eax, 0xff000000
    93 0000000C 7259                <1>     jb      searchedForBfvHeaderButNotFound
    94                              <1> 
    95                              <1>     ;
    96                              <1>     ; Check FFS3 GUID
    97                              <1>     ;
    98 0000000E 8178107AC07354      <1>     cmp     dword [eax + 0x10], FFS3_GUID_DWORD0
    99 00000015 751D                <1>     jne     searchingForFfs2Guid
   100 00000017 817814CB3DCA4D      <1>     cmp     dword [eax + 0x14], FFS3_GUID_DWORD1
   101 0000001E 7514                <1>     jne     searchingForFfs2Guid
   102 00000020 817818BD6F1E96      <1>     cmp     dword [eax + 0x18], FFS3_GUID_DWORD2
   103 00000027 750B                <1>     jne     searchingForFfs2Guid
   104 00000029 81781C89E7349A      <1>     cmp     dword [eax + 0x1c], FFS3_GUID_DWORD3
   105 00000030 7502                <1>     jne     searchingForFfs2Guid
   106 00000032 EB24                <1>     jmp     checkingFvLength
   107                              <1> 
   108                              <1> searchingForFfs2Guid:
   109                              <1>     ;
   110                              <1>     ; Check FFS2 GUID
   111                              <1>     ;
   112 00000034 81781078E58C8C      <1>     cmp     dword [eax + 0x10], FFS2_GUID_DWORD0
   113 0000003B 75C5                <1>     jne     searchingForBfvHeaderLoop
   114 0000003D 8178143D8A1C4F      <1>     cmp     dword [eax + 0x14], FFS2_GUID_DWORD1
   115 00000044 75BC                <1>     jne     searchingForBfvHeaderLoop
   116 00000046 81781899358961      <1>     cmp     dword [eax + 0x18], FFS2_GUID_DWORD2
   117 0000004D 75B3                <1>     jne     searchingForBfvHeaderLoop
   118 0000004F 81781C85C32DD3      <1>     cmp     dword [eax + 0x1c], FFS2_GUID_DWORD3
   119 00000056 75AA                <1>     jne     searchingForBfvHeaderLoop
   120                              <1> 
   121                              <1> checkingFvLength:
   122                              <1>     ;
   123                              <1>     ; Check FV Length
   124                              <1>     ;
   125 00000058 83782400            <1>     cmp     dword [eax + 0x24], 0
   126 0000005C 75A4                <1>     jne     searchingForBfvHeaderLoop
   127 0000005E 89C3                <1>     mov     ebx, eax
   128 00000060 035820              <1>     add     ebx, dword [eax + 0x20]
   129 00000063 759D                <1>     jnz     searchingForBfvHeaderLoop
   130                              <1> 
   131 00000065 EB09                <1>     jmp     searchedForBfvHeaderAndItWasFound
   132                              <1> 
   133                              <1> searchedForBfvHeaderButNotFound:
   134                              <1>     ;
   135                              <1>     ; Hang if the SEC entry point was not found
   136                              <1>     ;
   137                              <1>     debugShowPostCode POSTCODE_BFV_NOT_FOUND
   138                              <1> 
   139                              <1>     ;
   140                              <1>     ; 0xbfbfbfbf in the EAX & EBP registers helps signal what failed
   141                              <1>     ; for debugging purposes.
   142                              <1>     ;
   143 00000067 B8BFBFBFBF          <1>     mov     eax, 0xBFBFBFBF
   144 0000006C 89C5                <1>     mov     ebp, eax
   145 0000006E EBFE                <1>     jmp     $
   146                              <1> 
   147                              <1> searchedForBfvHeaderAndItWasFound:
   148 00000070 89C5                <1>     mov     ebp, eax
   149                              <1> 
   150                              <1>     debugShowPostCode POSTCODE_BFV_FOUND
   151                              <1> 
   152                              <1>     OneTimeCallRet Flat32SearchForBfvBase
    54 00000072 E9350A0000          <2>  jmp %1 %+ OneTimerCallReturn
   153                              <1> 
    52                                  %include "Ia32/SearchForSecEntry.asm"
    53                              <1> ;------------------------------------------------------------------------------
    54                              <1> ; @file
    55                              <1> ; Search for the SEC Core entry point
    56                              <1> ;
    57                              <1> ; Copyright (c) 2008 - 2011, Intel Corporation. All rights reserved.<BR>
    58                              <1> ; SPDX-License-Identifier: BSD-2-Clause-Patent
    59                              <1> ;
    60                              <1> ;------------------------------------------------------------------------------
    61                              <1> 
    62                              <1> BITS    32
    63                              <1> 
    64                              <1> %define EFI_FV_FILETYPE_SECURITY_CORE         0x03
    65                              <1> 
    66                              <1> ;
    67                              <1> ; Modified:  EAX, EBX, ECX, EDX
    68                              <1> ; Preserved: EDI, EBP, ESP
    69                              <1> ;
    70                              <1> ; @param[in]   EBP  Address of Boot Firmware Volume (BFV)
    71                              <1> ; @param[out]  ESI  SEC Core Entry Point Address
    72                              <1> ;
    73                              <1> Flat32SearchForSecEntryPoint:
    74                              <1> 
    75                              <1>     ;
    76                              <1>     ; Initialize EBX and ESI to 0
    77                              <1>     ;
    78 00000077 31DB                <1>     xor     ebx, ebx
    79 00000079 89DE                <1>     mov     esi, ebx
    80                              <1> 
    81                              <1>     ;
    82                              <1>     ; Pass over the BFV header
    83                              <1>     ;
    84 0000007B 89E8                <1>     mov     eax, ebp
    85 0000007D 668B5D30            <1>     mov     bx, [ebp + 0x30]
    86 00000081 01D8                <1>     add     eax, ebx
    87 00000083 723B                <1>     jc      secEntryPointWasNotFound
    88                              <1> 
    89 00000085 EB03                <1>     jmp     searchingForFfsFileHeaderLoop
    90                              <1> 
    91                              <1> moveForwardWhileSearchingForFfsFileHeaderLoop:
    92                              <1>     ;
    93                              <1>     ; Make forward progress in the search
    94                              <1>     ;
    95 00000087 40                  <1>     inc     eax
    96 00000088 7236                <1>     jc      secEntryPointWasNotFound
    97                              <1> 
    98                              <1> searchingForFfsFileHeaderLoop:
    99 0000008A 85C0                <1>     test    eax, eax
   100 0000008C 7432                <1>     jz      secEntryPointWasNotFound
   101                              <1> 
   102                              <1>     ;
   103                              <1>     ; Ensure 8 byte alignment
   104                              <1>     ;
   105 0000008E 83C007              <1>     add     eax, 7
   106 00000091 722D                <1>     jc      secEntryPointWasNotFound
   107 00000093 24F8                <1>     and     al, 0xf8
   108                              <1> 
   109                              <1>     ;
   110                              <1>     ; Look to see if there is an FFS file at eax
   111                              <1>     ;
   112 00000095 8A5817              <1>     mov     bl, [eax + 0x17]
   113 00000098 F6C320              <1>     test    bl, 0x20
   114 0000009B 74EA                <1>     jz      moveForwardWhileSearchingForFfsFileHeaderLoop
   115 0000009D 8B4814              <1>     mov     ecx, [eax + 0x14]
   116 000000A0 81E1FFFFFF00        <1>     and     ecx, 0x00ffffff
   117 000000A6 09C9                <1>     or      ecx, ecx
   118 000000A8 74DD                <1>     jz      moveForwardWhileSearchingForFfsFileHeaderLoop
   119 000000AA 01C1                <1>     add     ecx, eax
   120 000000AC 7402                <1>     jz      jumpSinceWeFoundTheLastFfsFile
   121 000000AE 72D7                <1>     jc      moveForwardWhileSearchingForFfsFileHeaderLoop
   122                              <1> jumpSinceWeFoundTheLastFfsFile:
   123                              <1> 
   124                              <1>     ;
   125                              <1>     ; There seems to be a valid file at eax
   126                              <1>     ;
   127 000000B0 80781203            <1>     cmp     byte [eax + 0x12], EFI_FV_FILETYPE_SECURITY_CORE ; Check File Type
   128 000000B4 7506                <1>     jne     readyToTryFfsFileAtEcx
   129                              <1> 
   130                              <1> fileTypeIsSecCore:
   131                              <1>     OneTimeCall GetEntryPointOfFfsFile
    49 000000B6 EB17                <2>  jmp %1
    50                              <2> %1 %+ OneTimerCallReturn:
   132 000000B8 85C0                <1>     test    eax, eax
   133 000000BA 7506                <1>     jnz     doneSeachingForSecEntryPoint
   134                              <1> 
   135                              <1> readyToTryFfsFileAtEcx:
   136                              <1>     ;
   137                              <1>     ; Try the next FFS file at ECX
   138                              <1>     ;
   139 000000BC 89C8                <1>     mov     eax, ecx
   140 000000BE EBCA                <1>     jmp     searchingForFfsFileHeaderLoop
   141                              <1> 
   142                              <1> secEntryPointWasNotFound:
   143 000000C0 31C0                <1>     xor     eax, eax
   144                              <1> 
   145                              <1> doneSeachingForSecEntryPoint:
   146 000000C2 89C6                <1>     mov     esi, eax
   147                              <1> 
   148 000000C4 85F6                <1>     test    esi, esi
   149 000000C6 7502                <1>     jnz     secCoreEntryPointWasFound
   150                              <1> 
   151                              <1> secCoreEntryPointWasNotFound:
   152                              <1>     ;
   153                              <1>     ; Hang if the SEC entry point was not found
   154                              <1>     ;
   155                              <1>     debugShowPostCode POSTCODE_SEC_NOT_FOUND
   156 000000C8 74FE                <1>     jz      $
   157                              <1> 
   158                              <1> secCoreEntryPointWasFound:
   159                              <1>     debugShowPostCode POSTCODE_SEC_FOUND
   160                              <1> 
   161                              <1>     OneTimeCallRet Flat32SearchForSecEntryPoint
    54 000000CA E9E2090000          <2>  jmp %1 %+ OneTimerCallReturn
   162                              <1> 
   163                              <1> %define EFI_SECTION_PE32                  0x10
   164                              <1> %define EFI_SECTION_TE                    0x12
   165                              <1> 
   166                              <1> ;
   167                              <1> ; Input:
   168                              <1> ;   EAX - Start of FFS file
   169                              <1> ;   ECX - End of FFS file
   170                              <1> ;
   171                              <1> ; Output:
   172                              <1> ;   EAX - Entry point of PE32 (or 0 if not found)
   173                              <1> ;
   174                              <1> ; Modified:
   175                              <1> ;   EBX
   176                              <1> ;
   177                              <1> GetEntryPointOfFfsFile:
   178 000000CF 85C0                <1>     test    eax, eax
   179 000000D1 745F                <1>     jz      getEntryPointOfFfsFileErrorReturn
   180 000000D3 83C018              <1>     add     eax, 0x18       ; EAX = Start of section
   181                              <1> 
   182                              <1> getEntryPointOfFfsFileLoopForSections:
   183 000000D6 39C8                <1>     cmp     eax, ecx
   184 000000D8 7358                <1>     jae     getEntryPointOfFfsFileErrorReturn
   185                              <1> 
   186 000000DA 80780310            <1>     cmp     byte [eax + 3], EFI_SECTION_PE32
   187 000000DE 741B                <1>     je      getEntryPointOfFfsFileFoundPe32Section
   188                              <1> 
   189 000000E0 80780312            <1>     cmp     byte [eax + 3], EFI_SECTION_TE
   190 000000E4 7432                <1>     je      getEntryPointOfFfsFileFoundTeSection
   191                              <1> 
   192                              <1>     ;
   193                              <1>     ; The section type was not PE32 or TE, so move to next section
   194                              <1>     ;
   195 000000E6 8B18                <1>     mov     ebx, dword [eax]
   196 000000E8 81E3FFFFFF00        <1>     and     ebx, 0x00ffffff
   197 000000EE 01D8                <1>     add     eax, ebx
   198 000000F0 7240                <1>     jc      getEntryPointOfFfsFileErrorReturn
   199                              <1> 
   200                              <1>     ;
   201                              <1>     ; Ensure that FFS section is 32-bit aligned
   202                              <1>     ;
   203 000000F2 83C003              <1>     add     eax, 3
   204 000000F5 723B                <1>     jc      getEntryPointOfFfsFileErrorReturn
   205 000000F7 24FC                <1>     and     al, 0xfc
   206 000000F9 EBDB                <1>     jmp     getEntryPointOfFfsFileLoopForSections
   207                              <1> 
   208                              <1> getEntryPointOfFfsFileFoundPe32Section:
   209 000000FB 83C004              <1>     add     eax, 4       ; EAX = Start of PE32 image
   210                              <1> 
   211 000000FE 6681384D5A          <1>     cmp     word [eax], 'MZ'
   212 00000103 752D                <1>     jne     getEntryPointOfFfsFileErrorReturn
   213 00000105 0FB7583C            <1>     movzx   ebx, word [eax + 0x3c]
   214 00000109 01C3                <1>     add     ebx, eax
   215                              <1> 
   216                              <1>     ; if (Hdr.Pe32->Signature == EFI_IMAGE_NT_SIGNATURE)
   217 0000010B 813B50450000        <1>     cmp     dword [ebx], `PE\x00\x00`
   218 00000111 751F                <1>     jne     getEntryPointOfFfsFileErrorReturn
   219                              <1> 
   220                              <1>     ; *EntryPoint = (VOID *)((UINTN)Pe32Data +
   221                              <1>     ;   (UINTN)(Hdr.Pe32->OptionalHeader.AddressOfEntryPoint & 0x0ffffffff));
   222 00000113 034328              <1>     add     eax, [ebx + 0x4 + 0x14 + 0x10]
   223 00000116 EB1F                <1>     jmp     getEntryPointOfFfsFileReturn
   224                              <1> 
   225                              <1> getEntryPointOfFfsFileFoundTeSection:
   226 00000118 83C004              <1>     add     eax, 4       ; EAX = Start of TE image
   227 0000011B 89C3                <1>     mov     ebx, eax
   228                              <1> 
   229                              <1>     ; if (Hdr.Te->Signature == EFI_TE_IMAGE_HEADER_SIGNATURE)
   230 0000011D 66813B565A          <1>     cmp     word [ebx], 'VZ'
   231 00000122 750E                <1>     jne     getEntryPointOfFfsFileErrorReturn
   232                              <1>     ; *EntryPoint = (VOID *)((UINTN)Pe32Data +
   233                              <1>     ;   (UINTN)(Hdr.Te->AddressOfEntryPoint & 0x0ffffffff) +
   234                              <1>     ;   sizeof(EFI_TE_IMAGE_HEADER) - Hdr.Te->StrippedSize);
   235 00000124 034308              <1>     add     eax, [ebx + 0x8]
   236 00000127 83C028              <1>     add     eax, 0x28
   237 0000012A 0FB75B06            <1>     movzx   ebx, word [ebx + 0x6]
   238 0000012E 29D8                <1>     sub     eax, ebx
   239 00000130 EB05                <1>     jmp     getEntryPointOfFfsFileReturn
   240                              <1> 
   241                              <1> getEntryPointOfFfsFileErrorReturn:
   242 00000132 B800000000          <1>     mov     eax, 0
   243                              <1> 
   244                              <1> getEntryPointOfFfsFileReturn:
   245                              <1>     OneTimeCallRet GetEntryPointOfFfsFile
    54 00000137 E97CFFFFFF          <2>  jmp %1 %+ OneTimerCallReturn
   246                              <1> 
    53                                  
    54                                  %define WORK_AREA_GUEST_TYPE (00080B000h)
    55                                  %define PT_ADDR(Offset) (000800000h + (Offset))
    56                                  %define PG_5_LEVEL (0)
    57                                  
    58                                  %define GHCB_PT_ADDR (000808000h)
    59                                  %define GHCB_BASE (000809000h)
    60                                  %define GHCB_SIZE (000002000h)
    61                                  %define SEV_ES_WORK_AREA (8433668)
    62                                  %define SEV_ES_WORK_AREA_SIZE 25
    63                                  %define SEV_ES_WORK_AREA_STATUS_MSR (8433668)
    64                                  %define SEV_ES_WORK_AREA_RDRAND (8433668 + 8)
    65                                  %define SEV_ES_WORK_AREA_ENC_MASK (8433668 + 16)
    66                                  %define SEV_ES_WORK_AREA_FLAGS (8433668 + 24)
    67                                  %define SEV_ES_WORK_AREA_FLAG_VC 001h
    68                                  %define SEV_ES_WORK_AREA_FLAG_CSFW_NO 002h
    69                                  %define SEV_ES_VC_TOP_OF_STACK (000814000h + 00000C000h)
    70                                  %define SEV_SNP_SECRETS_BASE (00080D000h)
    71                                  %define SEV_SNP_SECRETS_SIZE (000001000h)
    72                                  %define CPUID_BASE (00080E000h)
    73                                  %define CPUID_SIZE (000001000h)
    74                                  %define SVSM_CAA_BASE (00080F000h)
    75                                  %define SVSM_CAA_SIZE (000001000h)
    76                                  %if (000810000h > 0)
    77                                    ; There's a reserved page for SEV secrets and hashes; the VMM will fill and
    78                                    ; validate the page, or mark it as a zero page.
    79                                    %define SEV_SNP_KERNEL_HASHES_BASE (000810000h)
    80                                    %define SEV_SNP_KERNEL_HASHES_SIZE (000000C00h + 000000400h)
    81                                  %else
    82                                    %define SEV_SNP_KERNEL_HASHES_BASE 0
    83                                    %define SEV_SNP_KERNEL_HASHES_SIZE 0
    84                                  %endif
    85                                  %define SNP_SEC_MEM_BASE_DESC_1 (000800000h)
    86                                  %define SNP_SEC_MEM_SIZE_DESC_1 (000809000h - SNP_SEC_MEM_BASE_DESC_1)
    87                                  ;
    88                                  ; The PcdOvmfSecGhcbBase reserves two GHCB pages. The first page is used
    89                                  ; as GHCB shared page and second is used for bookkeeping to support the
    90                                  ; nested GHCB in SEC phase. The bookkeeping page is mapped private. The VMM
    91                                  ; does not need to validate the shared page but it need to validate the
    92                                  ; bookkeeping page.
    93                                  ;
    94                                  %define SNP_SEC_MEM_BASE_DESC_2 (GHCB_BASE + 01000h)
    95                                  %define SNP_SEC_MEM_SIZE_DESC_2 (SEV_SNP_SECRETS_BASE - SNP_SEC_MEM_BASE_DESC_2)
    96                                  %define SNP_SEC_MEM_BASE_DESC_3 (SVSM_CAA_BASE + SVSM_CAA_SIZE + SEV_SNP_KERNEL_HASHES_SIZE)
    97                                  %define SNP_SEC_MEM_SIZE_DESC_3 (000830000h - SNP_SEC_MEM_BASE_DESC_3)
    98                                  
    99                                  %ifdef ARCH_X64
   100                                  
   101                                  
   102                                    %if (000006000h != 06000h)
   103                                      %error "This implementation inherently depends on PcdOvmfSecPageTablesSize"
   104                                    %endif
   105                                  
   106                                    %if (000001000h != 01000h)
   107                                      %error "This implementation inherently depends on PcdOvmfSecGhcbPageTableSize"
   108                                    %endif
   109                                  
   110                                    %if (000002000h != 02000h)
   111                                      %error "This implementation inherently depends on PcdOvmfSecGhcbSize"
   112                                    %endif
   113                                  
   114                                    %if ((000809000h >> 21) != ((000809000h + 000002000h - 1) >> 21))
   115                                  
   116                                      %error "This implementation inherently depends on PcdOvmfSecGhcbBase not straddling a 2MB boundary"
   117                                    %endif
   118                                  
   119                                    %define TDX_BFV_RAW_DATA_OFFSET 084000h
   120                                    %define TDX_BFV_RAW_DATA_SIZE 00037C000h
   121                                    %define TDX_BFV_MEMORY_BASE 0FFC84000h
   122                                    %define TDX_BFV_MEMORY_SIZE 00037C000h
   123                                  
   124                                    %define TDX_CFV_RAW_DATA_OFFSET 0
   125                                    %define TDX_CFV_RAW_DATA_SIZE 084000h
   126                                    %define TDX_CFV_MEMORY_BASE 0FFC00000h,
   127                                    %define TDX_CFV_MEMORY_SIZE 084000h,
   128                                  
   129                                    %define TDX_HEAP_STACK_BASE 000814000h
   130                                    %define TDX_HEAP_STACK_SIZE 00000C000h
   131                                  
   132                                    %define TDX_HOB_MEMORY_BASE 000809000h
   133                                    %define TDX_HOB_MEMORY_SIZE 000002000h
   134                                  
   135                                    %define TDX_INIT_MEMORY_BASE 00080B000h
   136                                    %define TDX_INIT_MEMORY_SIZE (000001000h + 000001000h)
   137                                  
   138                                    %define OVMF_PAGE_TABLE_BASE 000800000h
   139                                    %define OVMF_PAGE_TABLE_SIZE 000006000h
   140                                  
   141                                    %define TDX_WORK_AREA_PGTBL_READY (00080B000h + 4)
   142                                    %define TDX_WORK_AREA_GPAW (00080B000h + 8)
   143                                  
   144                                    %define IGVM_PARAM_START (000812000h)
   145                                    %define IGVM_PARAM_SIZE (000001000h)
   146                                  
   147                                    %define IGVM_HOB_START (000813000h)
   148                                    %define IGVM_HOB_SIZE (000001000h)
   149                                  
   150                                    %include "X64/IntelTdxMetadata.asm"
   151                              <1> ;------------------------------------------------------------------------------
   152                              <1> ; @file
   153                              <1> ; Tdx Virtual Firmware metadata
   154                              <1> ;
   155                              <1> ; When host VMM creates a new guest TD, some initial set of TD-private pages
   156                              <1> ; are added using the TDH.MEM.PAGE.ADD function. These pages typically contain
   157                              <1> ; Virtual BIOS code and data along with some clear pages for stacks and heap.
   158                              <1> ; In the meanwhile, some configuration data need be measured by host VMM.
   159                              <1> ; Tdx Metadata is designed for this purpose to indicate host VMM how to do the
   160                              <1> ; above tasks.
   161                              <1> ;
   162                              <1> ; Tdx Metadata consists of a DESCRIPTOR as the header followed by several
   163                              <1> ; SECTIONs. Host VMM sets up the memory for TDVF according to these sections.
   164                              <1> ;
   165                              <1> ; _Bfv is the example (Bfv refers to the Virtual BIOS code).
   166                              <1> ; - By DataOffset/RawDataSize host VMM knows about the position of the code
   167                              <1> ;   in the binary image.
   168                              <1> ; - MemoryAddress/MemoryDataSize indicates the guest physical address/size of
   169                              <1> ;   the Bfv to be loaded.
   170                              <1> ; - Type field means this section is of BFV. This field is designed for the
   171                              <1> ;   purpose that in some case host VMM may do some additional processing based
   172                              <1> ;   upon the section type. TdHob section is an example. Host VMM pass the
   173                              <1> ;   physical memory information to the guest firmware by writing the data in
   174                              <1> ;   the memory region designated by TdHob section.
   175                              <1> ; - By design code part of the binary image (Bfv) should be measured by host
   176                              <1> ;   VMM. This is indicated by the Attributes field.
   177                              <1> ;
   178                              <1> ; So put all these information together, when a new guest is being created,
   179                              <1> ; the initial TD-private pages for BFV is added by TDH.MEM.PAGE.ADD function,
   180                              <1> ; and Bfv is loaded at the guest physical address indicated by MemoryAddress.
   181                              <1> ; Since the Attributes is TDX_METADATA_ATTRIBUTES_EXTENDMR, Bfv is measured by
   182                              <1> ; host VMM.
   183                              <1> ;
   184                              <1> ; Copyright (c) 2021, Intel Corporation. All rights reserved.<BR>
   185                              <1> ; SPDX-License-Identifier: BSD-2-Clause-Patent
   186                              <1> ;
   187                              <1> ;------------------------------------------------------------------------------
   188                              <1> 
   189                              <1> BITS    64
   190                              <1> 
   191                              <1> %define TDX_METADATA_SECTION_TYPE_BFV       0
   192                              <1> %define TDX_METADATA_SECTION_TYPE_CFV       1
   193                              <1> %define TDX_METADATA_SECTION_TYPE_TD_HOB    2
   194                              <1> %define TDX_METADATA_SECTION_TYPE_TEMP_MEM  3
   195                              <1> %define TDX_METADATA_VERSION                1
   196                              <1> %define TDX_METADATA_ATTRIBUTES_EXTENDMR    0x00000001
   197                              <1> 
   198 0000013C 90<rep 4h>          <1> ALIGN   16
   199                              <1> TIMES (15 - ((TdxGuidedStructureEnd - TdxGuidedStructureStart + 15) % 16)) DB 0
   200                              <1> 
   201                              <1> TdxGuidedStructureStart:
   202                              <1> 
   203                              <1> ;
   204                              <1> ; TDVF meta data
   205                              <1> ;
   206                              <1> TdxMetadataGuid:
   207 00000140 F3F9EAE98E16D544    <1>   DB  0xf3, 0xf9, 0xea, 0xe9, 0x8e, 0x16, 0xd5, 0x44
   208 00000148 A8EB7F4D8738F6AE    <1>   DB  0xa8, 0xeb, 0x7f, 0x4d, 0x87, 0x38, 0xf6, 0xae
   209                              <1> 
   210                              <1> _Descriptor:
   211 00000150 54445646            <1>   DB 'T','D','V','F'                                  ; Signature
   212 00000154 D0000000            <1>   DD TdxGuidedStructureEnd - _Descriptor              ; Length
   213 00000158 01000000            <1>   DD TDX_METADATA_VERSION                             ; Version
   214 0000015C 06000000            <1>   DD (TdxGuidedStructureEnd - _Descriptor - 16)/32    ; Number of sections
   215                              <1> 
   216                              <1> _Bfv:
   217 00000160 00400800            <1>   DD TDX_BFV_RAW_DATA_OFFSET
   218 00000164 00C03700            <1>   DD TDX_BFV_RAW_DATA_SIZE
   219 00000168 0040C8FF00000000    <1>   DQ TDX_BFV_MEMORY_BASE
   220 00000170 00C0370000000000    <1>   DQ TDX_BFV_MEMORY_SIZE
   221 00000178 00000000            <1>   DD TDX_METADATA_SECTION_TYPE_BFV
   222 0000017C 01000000            <1>   DD TDX_METADATA_ATTRIBUTES_EXTENDMR
   223                              <1> 
   224                              <1> _Cfv:
   225 00000180 00000000            <1>   DD TDX_CFV_RAW_DATA_OFFSET
   226 00000184 00400800            <1>   DD TDX_CFV_RAW_DATA_SIZE
   227 00000188 0000C0FF00000000    <1>   DQ TDX_CFV_MEMORY_BASE
   228 00000190 0040080000000000    <1>   DQ TDX_CFV_MEMORY_SIZE
   229 00000198 01000000            <1>   DD TDX_METADATA_SECTION_TYPE_CFV
   230 0000019C 00000000            <1>   DD 0
   231                              <1> 
   232                              <1> _TdxHeapStack:
   233 000001A0 00000000            <1>   DD 0
   234 000001A4 00000000            <1>   DD 0
   235 000001A8 0040810000000000    <1>   DQ TDX_HEAP_STACK_BASE
   236 000001B0 00C0000000000000    <1>   DQ TDX_HEAP_STACK_SIZE
   237 000001B8 03000000            <1>   DD TDX_METADATA_SECTION_TYPE_TEMP_MEM
   238 000001BC 00000000            <1>   DD 0
   239                              <1> 
   240                              <1> _TdxInitMem:
   241 000001C0 00000000            <1>   DD 0
   242 000001C4 00000000            <1>   DD 0
   243 000001C8 00B0800000000000    <1>   DQ TDX_INIT_MEMORY_BASE
   244 000001D0 0020000000000000    <1>   DQ TDX_INIT_MEMORY_SIZE
   245 000001D8 03000000            <1>   DD TDX_METADATA_SECTION_TYPE_TEMP_MEM
   246 000001DC 00000000            <1>   DD 0
   247                              <1> 
   248                              <1> _TdHob:
   249 000001E0 00000000            <1>   DD 0
   250 000001E4 00000000            <1>   DD 0
   251 000001E8 0090800000000000    <1>   DQ TDX_HOB_MEMORY_BASE
   252 000001F0 0020000000000000    <1>   DQ TDX_HOB_MEMORY_SIZE
   253 000001F8 02000000            <1>   DD TDX_METADATA_SECTION_TYPE_TD_HOB
   254 000001FC 00000000            <1>   DD 0
   255                              <1> 
   256                              <1> _OvmfPageTable:
   257 00000200 00000000            <1>   DD 0
   258 00000204 00000000            <1>   DD 0
   259 00000208 0000800000000000    <1>   DQ OVMF_PAGE_TABLE_BASE
   260 00000210 0060000000000000    <1>   DQ OVMF_PAGE_TABLE_SIZE
   261 00000218 03000000            <1>   DD TDX_METADATA_SECTION_TYPE_TEMP_MEM
   262 0000021C 00000000            <1>   DD 0
   263                              <1> 
   264                              <1> TdxGuidedStructureEnd:
   265                              <1> ALIGN   16
   151                                    %include "Ia32/Flat32ToFlat64.asm"
   152                              <1> ;------------------------------------------------------------------------------
   153                              <1> ; @file
   154                              <1> ; Transition from 32 bit flat protected mode into 64 bit flat protected mode
   155                              <1> ;
   156                              <1> ; Copyright (c) 2008 - 2018, Intel Corporation. All rights reserved.<BR>
   157                              <1> ; Copyright (c) 2020, Advanced Micro Devices, Inc. All rights reserved.<BR>
   158                              <1> ; SPDX-License-Identifier: BSD-2-Clause-Patent
   159                              <1> ;
   160                              <1> ;------------------------------------------------------------------------------
   161                              <1> 
   162                              <1> BITS    32
   163                              <1> 
   164                              <1> ;
   165                              <1> ; Modified:  EAX, ECX, EDX
   166                              <1> ;
   167                              <1> Transition32FlatTo64Flat:
   168                              <1> 
   169                              <1>     OneTimeCall SetCr3ForPageTables64
    49 00000220 E98E000000          <2>  jmp %1
    50                              <2> %1 %+ OneTimerCallReturn:
   170                              <1> 
   171 00000225 0F20E0              <1>     mov     eax, cr4
   172 00000228 0FBAE805            <1>     bts     eax, 5                      ; enable PAE
   173 0000022C 0F22E0              <1>     mov     cr4, eax
   174                              <1> 
   175                              <1>     ;
   176                              <1>     ; In TDX LME has already been set. So we're done and jump to enable
   177                              <1>     ; paging directly if Tdx is enabled.
   178                              <1>     ; EBX is cleared because in the later it will be used to check if
   179                              <1>     ; the second step of the SEV-ES mitigation is to be performed.
   180                              <1>     ;
   181 0000022F 31DB                <1>     xor     ebx, ebx
   182                              <1>     OneTimeCall IsTdxEnabled
    49 00000231 E971030000          <2>  jmp %1
    50                              <2> %1 %+ OneTimerCallReturn:
   183 00000236 85C0                <1>     test    eax, eax
   184 00000238 7538                <1>     jnz     EnablePaging
   185                              <1> 
   186 0000023A B9800000C0          <1>     mov     ecx, 0xc0000080
   187 0000023F 0F32                <1>     rdmsr
   188 00000241 0FBAE808            <1>     bts     eax, 8                      ; set LME
   189 00000245 0F30                <1>     wrmsr
   190                              <1> 
   191                              <1>     ;
   192                              <1>     ; SEV-ES mitigation check support
   193                              <1>     ;
   194 00000247 31DB                <1>     xor     ebx, ebx
   195                              <1> 
   196 00000249 B901000000          <1>     mov     ecx, 1
   197 0000024E 0FA30D04B08000      <1>     bt      [SEV_ES_WORK_AREA_STATUS_MSR], ecx
   198 00000255 731B                <1>     jnc     EnablePaging
   199                              <1> 
   200                              <1>     ;
   201                              <1>     ; SEV-ES is active, perform a quick sanity check against the reported
   202                              <1>     ; encryption bit position. This is to help mitigate against attacks where
   203                              <1>     ; the hypervisor reports an incorrect encryption bit position.
   204                              <1>     ;
   205                              <1>     ; This is the first step in a two step process. Before paging is enabled
   206                              <1>     ; writes to memory are encrypted. Using the RDRAND instruction (available
   207                              <1>     ; on all SEV capable processors), write 64-bits of random data to the
   208                              <1>     ; SEV_ES_WORK_AREA and maintain the random data in registers (register
   209                              <1>     ; state is protected under SEV-ES). This will be used in the second step.
   210                              <1>     ;
   211                              <1> RdRand1:
   212 00000257 0FC7F1              <1>     rdrand  ecx
   213 0000025A 73FB                <1>     jnc     RdRand1
   214 0000025C 890D0CB08000        <1>     mov     dword[SEV_ES_WORK_AREA_RDRAND], ecx
   215                              <1> RdRand2:
   216 00000262 0FC7F2              <1>     rdrand  edx
   217 00000265 73FB                <1>     jnc     RdRand2
   218 00000267 891510B08000        <1>     mov     dword[SEV_ES_WORK_AREA_RDRAND + 4], edx
   219                              <1> 
   220                              <1>     ;
   221                              <1>     ; Use EBX instead of the SEV_ES_WORK_AREA memory to determine whether to
   222                              <1>     ; perform the second step.
   223                              <1>     ;
   224 0000026D BB01000000          <1>     mov     ebx, 1
   225                              <1> 
   226                              <1> EnablePaging:
   227 00000272 0F20C0              <1>     mov     eax, cr0
   228 00000275 0FBAE81F            <1>     bts     eax, 31                     ; set PG
   229 00000279 0F22C0              <1>     mov     cr0, eax                    ; enable paging
   230                              <1> 
   231                              <1>     ;
   232                              <1>     ; uninstall #vc exception handler
   233                              <1>     ;
   234                              <1>     OneTimeCall SevCpuidExit
    49 0000027C E956060000          <2>  jmp %1
    50                              <2> %1 %+ OneTimerCallReturn:
   235                              <1> 
   236 00000281 EAF8F6FFFF3800      <1>     jmp     LINEAR_CODE64_SEL:ADDR_OF(jumpTo64BitAndLandHere)
   237                              <1> BITS    64
   238                              <1> jumpTo64BitAndLandHere:
   239                              <1> 
   240                              <1>     ;
   241                              <1>     ; Check if the second step of the SEV-ES mitigation is to be performed.
   242                              <1>     ;
   243 00000288 85DB                <1>     test    ebx, ebx
   244 0000028A 7412                <1>     jz      InsnCompare
   245                              <1> 
   246                              <1>     ;
   247                              <1>     ; SEV-ES is active, perform the second step of the encryption bit postion
   248                              <1>     ; mitigation check. The ECX and EDX register contain data from RDRAND that
   249                              <1>     ; was stored to memory in encrypted form. If the encryption bit position is
   250                              <1>     ; valid, the contents of ECX and EDX will match the memory location.
   251                              <1>     ;
   252 0000028C 390C250CB08000      <1>     cmp     dword[SEV_ES_WORK_AREA_RDRAND], ecx
   253 00000293 7515                <1>     jne     SevEncBitHlt
   254 00000295 39142510B08000      <1>     cmp     dword[SEV_ES_WORK_AREA_RDRAND + 4], edx
   255 0000029C 750C                <1>     jne     SevEncBitHlt
   256                              <1> 
   257                              <1>     ;
   258                              <1>     ; If SEV or SEV-ES is active, perform a quick sanity check against
   259                              <1>     ; the reported encryption bit position. This is to help mitigate
   260                              <1>     ; against attacks where the hypervisor reports an incorrect encryption
   261                              <1>     ; bit position. If SEV is not active, this check will always succeed.
   262                              <1>     ;
   263                              <1>     ; The cmp instruction compares the first four bytes of the cmp instruction
   264                              <1>     ; itself (which will be read decrypted if SEV or SEV-ES is active and the
   265                              <1>     ; encryption bit position is valid) against the immediate within the
   266                              <1>     ; instruction (an instruction fetch is always decrypted correctly by
   267                              <1>     ; hardware) based on RIP relative addressing.
   268                              <1>     ;
   269                              <1> InsnCompare:
   270 0000029E 813DF6FFFFFF813DF6- <1>     cmp     dword[rel InsnCompare], 0xFFF63D81
   270 000002A7 FF                  <1>
   271 000002A8 7404                <1>     je      GoodCompare
   272                              <1> 
   273                              <1>     ;
   274                              <1>     ; The hypervisor provided an incorrect encryption bit position, do not
   275                              <1>     ; proceed.
   276                              <1>     ;
   277                              <1> SevEncBitHlt:
   278 000002AA FA                  <1>     cli
   279 000002AB F4                  <1>     hlt
   280 000002AC EBFC                <1>     jmp     SevEncBitHlt
   281                              <1> 
   282                              <1> GoodCompare:
   283                              <1>     debugShowPostCode POSTCODE_64BIT_MODE
   284                              <1> 
   285                              <1>     OneTimeCallRet Transition32FlatTo64Flat
    54 000002AE E903080000          <2>  jmp %1 %+ OneTimerCallReturn
   286                              <1> 
   152                                    %include "Ia32/PageTables64.asm"
   153                              <1> ;------------------------------------------------------------------------------
   154                              <1> ; @file
   155                              <1> ; Sets the CR3 register for 64-bit paging
   156                              <1> ;
   157                              <1> ; Copyright (c) 2008 - 2013, Intel Corporation. All rights reserved.<BR>
   158                              <1> ; Copyright (c) 2017 - 2020, Advanced Micro Devices, Inc. All rights reserved.<BR>
   159                              <1> ; SPDX-License-Identifier: BSD-2-Clause-Patent
   160                              <1> ;
   161                              <1> ;------------------------------------------------------------------------------
   162                              <1> 
   163                              <1> BITS    32
   164                              <1> 
   165                              <1> ; common for all levels
   166                              <1> %define PAGE_PRESENT            0x01
   167                              <1> %define PAGE_READ_WRITE         0x02
   168                              <1> %define PAGE_USER_SUPERVISOR    0x04
   169                              <1> %define PAGE_WRITE_THROUGH      0x08
   170                              <1> %define PAGE_CACHE_DISABLE     0x010
   171                              <1> %define PAGE_ACCESSED          0x020
   172                              <1> %define PAGE_DIRTY             0x040
   173                              <1> %define PAGE_GLOBAL           0x0100
   174                              <1> 
   175                              <1> ; page table entries (level 1)
   176                              <1> %define PAGE_PTE_PAT           0x080
   177                              <1> 
   178                              <1> ; page directory entries (level 2+)
   179                              <1> %define PAGE_PDE_LARGEPAGE     0x080
   180                              <1> %define PAGE_PDE_PAT         0x01000
   181                              <1> 
   182                              <1> %define PAGE_4K_PDE_ATTR (PAGE_ACCESSED +                           PAGE_DIRTY +                           PAGE_READ_WRITE +                           PAGE_PRESENT)
   186                              <1> 
   187                              <1> %define PAGE_PDE_LARGEPAGE_ATTR (PAGE_PDE_LARGEPAGE +                                  PAGE_ACCESSED +                                  PAGE_DIRTY +                                  PAGE_READ_WRITE +                                  PAGE_PRESENT)
   192                              <1> 
   193                              <1> %define PAGE_PDE_DIRECTORY_ATTR (PAGE_ACCESSED +                                  PAGE_READ_WRITE +                                  PAGE_PRESENT)
   196                              <1> 
   197                              <1> %define TDX_BSP         1
   198                              <1> %define TDX_AP          2
   199                              <1> %define TDX_AP_5_LEVEL  3
   200                              <1> 
   201                              <1> ;
   202                              <1> ; For OVMF, build some initial page tables at
   203                              <1> ; PcdOvmfSecPageTablesBase - (PcdOvmfSecPageTablesBase + 0x6000).
   204                              <1> ;
   205                              <1> ; This range should match with PcdOvmfSecPageTablesSize which is
   206                              <1> ; declared in the FDF files.
   207                              <1> ;
   208                              <1> ; At the end of PEI, the pages tables will be rebuilt into a
   209                              <1> ; more permanent location by DxeIpl.
   210                              <1> ;
   211                              <1> %macro ClearOvmfPageTables 0
   212                              <1>     mov     ecx, 6 * 0x1000 / 4
   213                              <1>     xor     eax, eax
   214                              <1> .clearPageTablesMemoryLoop:
   215                              <1>     mov     dword[ecx * 4 + PT_ADDR (0) - 4], eax
   216                              <1>     loop    .clearPageTablesMemoryLoop
   217                              <1> %endmacro
   218                              <1> 
   219                              <1> ;
   220                              <1> ; Create page tables for 4-level paging
   221                              <1> ;
   222                              <1> ; Argument: upper 32 bits of the leaf page table entries
   223                              <1> ;
   224                              <1> %macro CreatePageTables4Level 1
   225                              <1> 
   226                              <1>     ; indicate 4-level paging
   227                              <1>     debugShowPostCode 0x41
   228                              <1> 
   229                              <1>     ;
   230                              <1>     ; Top level Page Directory Pointers (1 * 512GB entry)
   231                              <1>     ;
   232                              <1>     mov     dword[PT_ADDR (0)], PT_ADDR (0x1000) + PAGE_PDE_DIRECTORY_ATTR
   233                              <1>     mov     dword[PT_ADDR (4)], 0
   234                              <1> 
   235                              <1>     ;
   236                              <1>     ; Next level Page Directory Pointers (4 * 1GB entries => 4GB)
   237                              <1>     ;
   238                              <1>     mov     dword[PT_ADDR (0x1000)], PT_ADDR (0x2000) + PAGE_PDE_DIRECTORY_ATTR
   239                              <1>     mov     dword[PT_ADDR (0x1004)], 0
   240                              <1>     mov     dword[PT_ADDR (0x1008)], PT_ADDR (0x3000) + PAGE_PDE_DIRECTORY_ATTR
   241                              <1>     mov     dword[PT_ADDR (0x100C)], 0
   242                              <1>     mov     dword[PT_ADDR (0x1010)], PT_ADDR (0x4000) + PAGE_PDE_DIRECTORY_ATTR
   243                              <1>     mov     dword[PT_ADDR (0x1014)], 0
   244                              <1>     mov     dword[PT_ADDR (0x1018)], PT_ADDR (0x5000) + PAGE_PDE_DIRECTORY_ATTR
   245                              <1>     mov     dword[PT_ADDR (0x101C)], 0
   246                              <1> 
   247                              <1>     ;
   248                              <1>     ; Page Table Entries (2048 * 2MB entries => 4GB)
   249                              <1>     ;
   250                              <1>     mov     ecx, 0x800
   251                              <1> .pageTableEntriesLoop4Level:
   252                              <1>     mov     eax, ecx
   253                              <1>     dec     eax
   254                              <1>     shl     eax, 21
   255                              <1>     add     eax, PAGE_PDE_LARGEPAGE_ATTR
   256                              <1>     mov     dword[ecx * 8 + PT_ADDR (0x2000 - 8)], eax
   257                              <1>     mov     dword[(ecx * 8 + PT_ADDR (0x2000 - 8)) + 4], %1
   258                              <1>     loop    .pageTableEntriesLoop4Level
   259                              <1> %endmacro
   260                              <1> 
   261                              <1> ;
   262                              <1> ; Check whenever 5-level paging can be used
   263                              <1> ;
   264                              <1> ; Argument: jump label for 4-level paging
   265                              <1> ;
   266                              <1> %macro Check5LevelPaging 1
   267                              <1>     ; check for cpuid leaf 0x07
   268                              <1>     mov     eax, 0x00
   269                              <1>     cpuid
   270                              <1>     cmp     eax, 0x07
   271                              <1>     jb      %1
   272                              <1> 
   273                              <1>     ; check for la57 (aka 5-level paging)
   274                              <1>     mov     eax, 0x07
   275                              <1>     mov     ecx, 0x00
   276                              <1>     cpuid
   277                              <1>     bt      ecx, 16
   278                              <1>     jnc     %1
   279                              <1> 
   280                              <1>     ; check for cpuid leaf 0x80000001
   281                              <1>     mov     eax, 0x80000000
   282                              <1>     cpuid
   283                              <1>     cmp     eax, 0x80000001
   284                              <1>     jb      %1
   285                              <1> 
   286                              <1>     ; check for 1g pages
   287                              <1>     mov     eax, 0x80000001
   288                              <1>     cpuid
   289                              <1>     bt      edx, 26
   290                              <1>     jnc     %1
   291                              <1> %endmacro
   292                              <1> 
   293                              <1> ;
   294                              <1> ; Create page tables for 5-level paging with gigabyte pages
   295                              <1> ;
   296                              <1> ; Argument: upper 32 bits of the leaf page table entries
   297                              <1> ;
   298                              <1> ; We have 6 pages available for the early page tables,
   299                              <1> ; we use four of them:
   300                              <1> ;    PT_ADDR(0)      - level 5 directory
   301                              <1> ;    PT_ADDR(0x1000) - level 4 directory
   302                              <1> ;    PT_ADDR(0x2000) - level 2 directory (0 -> 1GB)
   303                              <1> ;    PT_ADDR(0x3000) - level 3 directory
   304                              <1> ;
   305                              <1> ; The level 2 directory for the first gigabyte has the same
   306                              <1> ; physical address in both 4-level and 5-level paging mode,
   307                              <1> ; SevClearPageEncMaskForGhcbPage depends on this.
   308                              <1> ;
   309                              <1> ; The 1 GB -> 4 GB range is mapped using 1G pages in the
   310                              <1> ; level 3 directory.
   311                              <1> ;
   312                              <1> %macro CreatePageTables5Level 1
   313                              <1> 
   314                              <1>     ; indicate 5-level paging
   315                              <1>     debugShowPostCode 0x51
   316                              <1> 
   317                              <1>     ; level 5
   318                              <1>     mov     dword[PT_ADDR (0)], PT_ADDR (0x1000) + PAGE_PDE_DIRECTORY_ATTR
   319                              <1>     mov     dword[PT_ADDR (4)], 0
   320                              <1> 
   321                              <1>     ; level 4
   322                              <1>     mov     dword[PT_ADDR (0x1000)], PT_ADDR (0x3000) + PAGE_PDE_DIRECTORY_ATTR
   323                              <1>     mov     dword[PT_ADDR (0x1004)], 0
   324                              <1> 
   325                              <1>     ; level 3 (1x -> level 2, 3x 1GB)
   326                              <1>     mov     dword[PT_ADDR (0x3000)], PT_ADDR (0x2000) + PAGE_PDE_DIRECTORY_ATTR
   327                              <1>     mov     dword[PT_ADDR (0x3004)], 0
   328                              <1>     mov     dword[PT_ADDR (0x3008)], (1 << 30) + PAGE_PDE_LARGEPAGE_ATTR
   329                              <1>     mov     dword[PT_ADDR (0x300c)], %1
   330                              <1>     mov     dword[PT_ADDR (0x3010)], (2 << 30) + PAGE_PDE_LARGEPAGE_ATTR
   331                              <1>     mov     dword[PT_ADDR (0x3014)], %1
   332                              <1>     mov     dword[PT_ADDR (0x3018)], (3 << 30) + PAGE_PDE_LARGEPAGE_ATTR
   333                              <1>     mov     dword[PT_ADDR (0x301c)], %1
   334                              <1> 
   335                              <1>     ;
   336                              <1>     ; level 2 (512 * 2MB entries => 1GB)
   337                              <1>     ;
   338                              <1>     mov     ecx, 0x200
   339                              <1> .pageTableEntriesLoop5Level:
   340                              <1>     mov     eax, ecx
   341                              <1>     dec     eax
   342                              <1>     shl     eax, 21
   343                              <1>     add     eax, PAGE_PDE_LARGEPAGE_ATTR
   344                              <1>     mov     dword[ecx * 8 + PT_ADDR (0x2000 - 8)], eax
   345                              <1>     mov     dword[(ecx * 8 + PT_ADDR (0x2000 - 8)) + 4], %1
   346                              <1>     loop    .pageTableEntriesLoop5Level
   347                              <1> %endmacro
   348                              <1> 
   349                              <1> %macro Enable5LevelPaging 0
   350                              <1>     ; set la57 bit in cr4
   351                              <1>     mov     eax, cr4
   352                              <1>     bts     eax, 12
   353                              <1>     mov     cr4, eax
   354                              <1> %endmacro
   355                              <1> 
   356                              <1> ;
   357                              <1> ; Modified:  EAX, EBX, ECX, EDX
   358                              <1> ;
   359                              <1> SetCr3ForPageTables64:
   360                              <1>     ; Check the TDX features.
   361                              <1>     ; If it is TDX APs, then jump to SetCr3 directly.
   362                              <1>     ; In TD guest the initialization is done by BSP, including building
   363                              <1>     ; the page tables. APs will spin on until byte[TDX_WORK_AREA_PGTBL_READY]
   364                              <1>     ; is set.
   365                              <1>     OneTimeCall   CheckTdxFeaturesBeforeBuildPagetables
    49 000002B3 E9CB020000          <2>  jmp %1
    50                              <2> %1 %+ OneTimerCallReturn:
   366 000002B8 83F801              <1>     cmp       eax, TDX_BSP
   367 000002BB 0F845B010000        <1>     je        TdxBspInit
   368 000002C1 83F802              <1>     cmp       eax, TDX_AP
   369 000002C4 0F84F1010000        <1>     je        SetCr3
   370                              <1> %if PG_5_LEVEL
   371                              <1>     cmp       eax, TDX_AP_5_LEVEL
   372                              <1>     jne       CheckForSev
   373                              <1>     Enable5LevelPaging
   374                              <1>     jmp       SetCr3
   375                              <1> CheckForSev:
   376                              <1> %endif
   377                              <1> 
   378                              <1>     ; Check whether the SEV is active and populate the SevEsWorkArea
   379                              <1>     OneTimeCall   CheckSevFeatures
    49 000002CA E92B040000          <2>  jmp %1
    50                              <2> %1 %+ OneTimerCallReturn:
   380 000002CF 803D00B0800001      <1>     cmp       byte[WORK_AREA_GUEST_TYPE], 1
   381 000002D6 0F849D000000        <1>     jz        SevInit
   382                              <1> 
   383                              <1>     ;
   384                              <1>     ; normal (non-CoCo) workflow
   385                              <1>     ;
   386                              <1>     ClearOvmfPageTables
   212 000002DC B900180000          <2>  mov ecx, 6 * 0x1000 / 4
   213 000002E1 31C0                <2>  xor eax, eax
   214                              <2> .clearPageTablesMemoryLoop:
   215 000002E3 89048DFCFF7F00      <2>  mov dword[ecx * 4 + PT_ADDR (0) - 4], eax
   216 000002EA E2F7                <2>  loop .clearPageTablesMemoryLoop
   387                              <1> %if PG_5_LEVEL
   388                              <1>     Check5LevelPaging Paging4Level
   389                              <1>     CreatePageTables5Level 0
   390                              <1>     Enable5LevelPaging
   391                              <1>     jmp SetCr3
   392                              <1> Paging4Level:
   393                              <1> %endif
   394                              <1>     CreatePageTables4Level 0
   225                              <2> 
   226                              <2> 
   227                              <2>  debugShowPostCode 0x41
   228                              <2> 
   229                              <2> 
   230                              <2> 
   231                              <2> 
   232 000002EC C70500008000231080- <2>  mov dword[PT_ADDR (0)], PT_ADDR (0x1000) + PAGE_PDE_DIRECTORY_ATTR
   232 000002F5 00                  <2>
   233 000002F6 C70504008000000000- <2>  mov dword[PT_ADDR (4)], 0
   233 000002FF 00                  <2>
   234                              <2> 
   235                              <2> 
   236                              <2> 
   237                              <2> 
   238 00000300 C70500108000232080- <2>  mov dword[PT_ADDR (0x1000)], PT_ADDR (0x2000) + PAGE_PDE_DIRECTORY_ATTR
   238 00000309 00                  <2>
   239 0000030A C70504108000000000- <2>  mov dword[PT_ADDR (0x1004)], 0
   239 00000313 00                  <2>
   240 00000314 C70508108000233080- <2>  mov dword[PT_ADDR (0x1008)], PT_ADDR (0x3000) + PAGE_PDE_DIRECTORY_ATTR
   240 0000031D 00                  <2>
   241 0000031E C7050C108000000000- <2>  mov dword[PT_ADDR (0x100C)], 0
   241 00000327 00                  <2>
   242 00000328 C70510108000234080- <2>  mov dword[PT_ADDR (0x1010)], PT_ADDR (0x4000) + PAGE_PDE_DIRECTORY_ATTR
   242 00000331 00                  <2>
   243 00000332 C70514108000000000- <2>  mov dword[PT_ADDR (0x1014)], 0
   243 0000033B 00                  <2>
   244 0000033C C70518108000235080- <2>  mov dword[PT_ADDR (0x1018)], PT_ADDR (0x5000) + PAGE_PDE_DIRECTORY_ATTR
   244 00000345 00                  <2>
   245 00000346 C7051C108000000000- <2>  mov dword[PT_ADDR (0x101C)], 0
   245 0000034F 00                  <2>
   246                              <2> 
   247                              <2> 
   248                              <2> 
   249                              <2> 
   250 00000350 B900080000          <2>  mov ecx, 0x800
   251                              <2> .pageTableEntriesLoop4Level:
   252 00000355 89C8                <2>  mov eax, ecx
   253 00000357 48                  <2>  dec eax
   254 00000358 C1E015              <2>  shl eax, 21
   255 0000035B 05E3000000          <2>  add eax, PAGE_PDE_LARGEPAGE_ATTR
   256 00000360 8904CDF81F8000      <2>  mov dword[ecx * 8 + PT_ADDR (0x2000 - 8)], eax
   257 00000367 C704CDFC1F80000000- <2>  mov dword[(ecx * 8 + PT_ADDR (0x2000 - 8)) + 4], %1
   257 00000370 0000                <2>
   258 00000372 E2E1                <2>  loop .pageTableEntriesLoop4Level
   395 00000374 E942010000          <1>     jmp SetCr3
   396                              <1> 
   397                              <1> SevInit:
   398                              <1>     ;
   399                              <1>     ; SEV workflow
   400                              <1>     ;
   401                              <1>     ClearOvmfPageTables
   212 00000379 B900180000          <2>  mov ecx, 6 * 0x1000 / 4
   213 0000037E 31C0                <2>  xor eax, eax
   214                              <2> .clearPageTablesMemoryLoop:
   215 00000380 89048DFCFF7F00      <2>  mov dword[ecx * 4 + PT_ADDR (0) - 4], eax
   216 00000387 E2F7                <2>  loop .clearPageTablesMemoryLoop
   402                              <1>     ; If SEV is enabled, the C-bit position is always above 31.
   403                              <1>     ; The mask will be saved in the EDX and applied during the
   404                              <1>     ; the page table build below.
   405                              <1>     OneTimeCall   GetSevCBitMaskAbove31
    49 00000389 E961030000          <2>  jmp %1
    50                              <2> %1 %+ OneTimerCallReturn:
   406                              <1>     CreatePageTables4Level edx
   225                              <2> 
   226                              <2> 
   227                              <2>  debugShowPostCode 0x41
   228                              <2> 
   229                              <2> 
   230                              <2> 
   231                              <2> 
   232 0000038E C70500008000231080- <2>  mov dword[PT_ADDR (0)], PT_ADDR (0x1000) + PAGE_PDE_DIRECTORY_ATTR
   232 00000397 00                  <2>
   233 00000398 C70504008000000000- <2>  mov dword[PT_ADDR (4)], 0
   233 000003A1 00                  <2>
   234                              <2> 
   235                              <2> 
   236                              <2> 
   237                              <2> 
   238 000003A2 C70500108000232080- <2>  mov dword[PT_ADDR (0x1000)], PT_ADDR (0x2000) + PAGE_PDE_DIRECTORY_ATTR
   238 000003AB 00                  <2>
   239 000003AC C70504108000000000- <2>  mov dword[PT_ADDR (0x1004)], 0
   239 000003B5 00                  <2>
   240 000003B6 C70508108000233080- <2>  mov dword[PT_ADDR (0x1008)], PT_ADDR (0x3000) + PAGE_PDE_DIRECTORY_ATTR
   240 000003BF 00                  <2>
   241 000003C0 C7050C108000000000- <2>  mov dword[PT_ADDR (0x100C)], 0
   241 000003C9 00                  <2>
   242 000003CA C70510108000234080- <2>  mov dword[PT_ADDR (0x1010)], PT_ADDR (0x4000) + PAGE_PDE_DIRECTORY_ATTR
   242 000003D3 00                  <2>
   243 000003D4 C70514108000000000- <2>  mov dword[PT_ADDR (0x1014)], 0
   243 000003DD 00                  <2>
   244 000003DE C70518108000235080- <2>  mov dword[PT_ADDR (0x1018)], PT_ADDR (0x5000) + PAGE_PDE_DIRECTORY_ATTR
   244 000003E7 00                  <2>
   245 000003E8 C7051C108000000000- <2>  mov dword[PT_ADDR (0x101C)], 0
   245 000003F1 00                  <2>
   246                              <2> 
   247                              <2> 
   248                              <2> 
   249                              <2> 
   250 000003F2 B900080000          <2>  mov ecx, 0x800
   251                              <2> .pageTableEntriesLoop4Level:
   252 000003F7 89C8                <2>  mov eax, ecx
   253 000003F9 48                  <2>  dec eax
   254 000003FA C1E015              <2>  shl eax, 21
   255 000003FD 05E3000000          <2>  add eax, PAGE_PDE_LARGEPAGE_ATTR
   256 00000402 8904CDF81F8000      <2>  mov dword[ecx * 8 + PT_ADDR (0x2000 - 8)], eax
   257 00000409 8914CDFC1F8000      <2>  mov dword[(ecx * 8 + PT_ADDR (0x2000 - 8)) + 4], %1
   258 00000410 E2E5                <2>  loop .pageTableEntriesLoop4Level
   407                              <1>     ; Clear the C-bit from the GHCB page if the SEV-ES is enabled.
   408                              <1>     OneTimeCall   SevClearPageEncMaskForGhcbPage
    49 00000412 E976020000          <2>  jmp %1
    50                              <2> %1 %+ OneTimerCallReturn:
   409 00000417 E99F000000          <1>     jmp SetCr3
   410                              <1> 
   411                              <1> TdxBspInit:
   412                              <1>     ;
   413                              <1>     ; TDX BSP workflow
   414                              <1>     ;
   415                              <1>     ClearOvmfPageTables
   212 0000041C B900180000          <2>  mov ecx, 6 * 0x1000 / 4
   213 00000421 31C0                <2>  xor eax, eax
   214                              <2> .clearPageTablesMemoryLoop:
   215 00000423 89048DFCFF7F00      <2>  mov dword[ecx * 4 + PT_ADDR (0) - 4], eax
   216 0000042A E2F7                <2>  loop .clearPageTablesMemoryLoop
   416                              <1> %if PG_5_LEVEL
   417                              <1>     Check5LevelPaging Tdx4Level
   418                              <1>     CreatePageTables5Level 0
   419                              <1>     OneTimeCall TdxPostBuildPageTables5Level
   420                              <1>     Enable5LevelPaging
   421                              <1>     jmp SetCr3
   422                              <1> Tdx4Level:
   423                              <1> %endif
   424                              <1>     CreatePageTables4Level 0
   225                              <2> 
   226                              <2> 
   227                              <2>  debugShowPostCode 0x41
   228                              <2> 
   229                              <2> 
   230                              <2> 
   231                              <2> 
   232 0000042C C70500008000231080- <2>  mov dword[PT_ADDR (0)], PT_ADDR (0x1000) + PAGE_PDE_DIRECTORY_ATTR
   232 00000435 00                  <2>
   233 00000436 C70504008000000000- <2>  mov dword[PT_ADDR (4)], 0
   233 0000043F 00                  <2>
   234                              <2> 
   235                              <2> 
   236                              <2> 
   237                              <2> 
   238 00000440 C70500108000232080- <2>  mov dword[PT_ADDR (0x1000)], PT_ADDR (0x2000) + PAGE_PDE_DIRECTORY_ATTR
   238 00000449 00                  <2>
   239 0000044A C70504108000000000- <2>  mov dword[PT_ADDR (0x1004)], 0
   239 00000453 00                  <2>
   240 00000454 C70508108000233080- <2>  mov dword[PT_ADDR (0x1008)], PT_ADDR (0x3000) + PAGE_PDE_DIRECTORY_ATTR
   240 0000045D 00                  <2>
   241 0000045E C7050C108000000000- <2>  mov dword[PT_ADDR (0x100C)], 0
   241 00000467 00                  <2>
   242 00000468 C70510108000234080- <2>  mov dword[PT_ADDR (0x1010)], PT_ADDR (0x4000) + PAGE_PDE_DIRECTORY_ATTR
   242 00000471 00                  <2>
   243 00000472 C70514108000000000- <2>  mov dword[PT_ADDR (0x1014)], 0
   243 0000047B 00                  <2>
   244 0000047C C70518108000235080- <2>  mov dword[PT_ADDR (0x1018)], PT_ADDR (0x5000) + PAGE_PDE_DIRECTORY_ATTR
   244 00000485 00                  <2>
   245 00000486 C7051C108000000000- <2>  mov dword[PT_ADDR (0x101C)], 0
   245 0000048F 00                  <2>
   246                              <2> 
   247                              <2> 
   248                              <2> 
   249                              <2> 
   250 00000490 B900080000          <2>  mov ecx, 0x800
   251                              <2> .pageTableEntriesLoop4Level:
   252 00000495 89C8                <2>  mov eax, ecx
   253 00000497 48                  <2>  dec eax
   254 00000498 C1E015              <2>  shl eax, 21
   255 0000049B 05E3000000          <2>  add eax, PAGE_PDE_LARGEPAGE_ATTR
   256 000004A0 8904CDF81F8000      <2>  mov dword[ecx * 8 + PT_ADDR (0x2000 - 8)], eax
   257 000004A7 C704CDFC1F80000000- <2>  mov dword[(ecx * 8 + PT_ADDR (0x2000 - 8)) + 4], %1
   257 000004B0 0000                <2>
   258 000004B2 E2E1                <2>  loop .pageTableEntriesLoop4Level
   425                              <1>     OneTimeCall TdxPostBuildPageTables
    49 000004B4 E9E2000000          <2>  jmp %1
    50                              <2> %1 %+ OneTimerCallReturn:
   426 000004B9 EB00                <1>     jmp SetCr3
   427                              <1> 
   428                              <1> SetCr3:
   429                              <1>     ;
   430                              <1>     ; common workflow
   431                              <1>     ;
   432                              <1>     ; Set CR3 now that the paging structures are available
   433                              <1>     ;
   434 000004BB B800008000          <1>     mov     eax, PT_ADDR (0)
   435 000004C0 0F22D8              <1>     mov     cr3, eax
   436                              <1> 
   437                              <1>     OneTimeCallRet SetCr3ForPageTables64
    54 000004C3 E95DFDFFFF          <2>  jmp %1 %+ OneTimerCallReturn
   153                                    %include "Ia32/IntelTdx.asm"
   154                              <1> ;------------------------------------------------------------------------------
   155                              <1> ; @file
   156                              <1> ;   Intel TDX routines
   157                              <1> ;
   158                              <1> ; Copyright (c) 2021, Intel Corporation. All rights reserved.<BR>
   159                              <1> ; SPDX-License-Identifier: BSD-2-Clause-Patent
   160                              <1> ;
   161                              <1> ;------------------------------------------------------------------------------
   162                              <1> 
   163                              <1> %define VM_GUEST_TDX     2
   164                              <1> 
   165                              <1> BITS 32
   166                              <1> 
   167                              <1> ;
   168                              <1> ; Check if it is Intel Tdx
   169                              <1> ;
   170                              <1> ; Modified: EAX, EBX, ECX, EDX
   171                              <1> ;
   172                              <1> ; If it is Intel Tdx, EAX is 1
   173                              <1> ; If it is not Intel Tdx, EAX is 0
   174                              <1> ;
   175                              <1> IsTdx:
   176                              <1>     ;
   177                              <1>     ; CPUID (0)
   178                              <1>     ;
   179 000004C8 B800000000          <1>     mov     eax, 0
   180 000004CD 0FA2                <1>     cpuid
   181 000004CF 81FB47656E75        <1>     cmp     ebx, 0x756e6547  ; "Genu"
   182 000004D5 7556                <1>     jne     IsNotTdx
   183 000004D7 81FA696E6549        <1>     cmp     edx, 0x49656e69  ; "ineI"
   184 000004DD 754E                <1>     jne     IsNotTdx
   185 000004DF 81F96E74656C        <1>     cmp     ecx, 0x6c65746e  ; "ntel"
   186 000004E5 7546                <1>     jne     IsNotTdx
   187                              <1> 
   188                              <1>     ;
   189                              <1>     ; CPUID (1)
   190                              <1>     ;
   191 000004E7 B801000000          <1>     mov     eax, 1
   192 000004EC 0FA2                <1>     cpuid
   193 000004EE F7C100000080        <1>     test    ecx, 0x80000000
   194 000004F4 7437                <1>     jz      IsNotTdx
   195                              <1> 
   196                              <1>     ;
   197                              <1>     ; CPUID[0].EAX >= 0x21?
   198                              <1>     ;
   199 000004F6 B800000000          <1>     mov     eax, 0
   200 000004FB 0FA2                <1>     cpuid
   201 000004FD 83F821              <1>     cmp     eax, 0x21
   202 00000500 7C2B                <1>     jl      IsNotTdx
   203                              <1> 
   204                              <1>     ;
   205                              <1>     ; CPUID (0x21,0)
   206                              <1>     ;
   207 00000502 B821000000          <1>     mov     eax, 0x21
   208 00000507 B900000000          <1>     mov     ecx, 0
   209 0000050C 0FA2                <1>     cpuid
   210                              <1> 
   211 0000050E 81FB496E7465        <1>     cmp     ebx, 0x65746E49   ; "Inte"
   212 00000514 7517                <1>     jne     IsNotTdx
   213 00000516 81FA6C544458        <1>     cmp     edx, 0x5844546C   ; "lTDX"
   214 0000051C 750F                <1>     jne     IsNotTdx
   215 0000051E 81F920202020        <1>     cmp     ecx, 0x20202020   ; "    "
   216 00000524 7507                <1>     jne     IsNotTdx
   217                              <1> 
   218 00000526 B801000000          <1>     mov     eax, 1
   219 0000052B EB02                <1>     jmp     ExitIsTdx
   220                              <1> 
   221                              <1> IsNotTdx:
   222 0000052D 31C0                <1>     xor     eax, eax
   223                              <1> 
   224                              <1> ExitIsTdx:
   225                              <1> 
   226                              <1>   OneTimeCallRet IsTdx
    54 0000052F EB02                <2>  jmp %1 %+ OneTimerCallReturn
   227                              <1> 
   228                              <1> ;
   229                              <1> ; Initialize work area if it is Tdx guest. Detailed definition is in
   230                              <1> ; OvmfPkg/Include/WorkArea.h.
   231                              <1> ; BSP and APs all go here. Only BSP initialize this work area.
   232                              <1> ;
   233                              <1> ; Param[in] EBX[5:0]    CPU Supported GPAW (48 or 52)
   234                              <1> ; Param[in] ESI[31:0]   vCPU ID (BSP is 0, others are AP)
   235                              <1> ;
   236                              <1> ; Modified:  EBX
   237                              <1> ;
   238                              <1> InitTdxWorkarea:
   239                              <1> 
   240                              <1>     ;
   241                              <1>     ; First check if it is Tdx
   242                              <1>     ;
   243                              <1>     OneTimeCall IsTdx
    49 00000531 EB95                <2>  jmp %1
    50                              <2> %1 %+ OneTimerCallReturn:
   244                              <1> 
   245 00000533 85C0                <1>     test    eax, eax
   246 00000535 7420                <1>     jz      ExitInitTdxWorkarea
   247                              <1> 
   248 00000537 83FE00              <1>     cmp     esi, 0
   249 0000053A 740B                <1>     je      TdxBspEntry
   250                              <1> 
   251                              <1>     ;
   252                              <1>     ; In Td guest, BSP/AP shares the same entry point
   253                              <1>     ; BSP builds up the page table, while APs shouldn't do the same task.
   254                              <1>     ; Instead, APs just leverage the page table which is built by BSP.
   255                              <1>     ; APs will wait until the page table is ready.
   256                              <1>     ;
   257                              <1> TdxApWait:
   258 0000053C 803D04B0800000      <1>     cmp     byte[TDX_WORK_AREA_PGTBL_READY], 0
   259 00000543 74F7                <1>     je      TdxApWait
   260 00000545 EB10                <1>     jmp     ExitInitTdxWorkarea
   261                              <1> 
   262                              <1> TdxBspEntry:
   263                              <1>     ;
   264                              <1>     ; Set Type of WORK_AREA_GUEST_TYPE so that the following code can use
   265                              <1>     ; these information.
   266                              <1>     ;
   267 00000547 C60500B0800002      <1>     mov     byte[WORK_AREA_GUEST_TYPE], VM_GUEST_TDX
   268                              <1> 
   269                              <1>     ;
   270                              <1>     ; EBX[5:0] CPU supported GPA width
   271                              <1>     ;
   272 0000054E 83E33F              <1>     and     ebx, 0x3f
   273 00000551 891D08B08000        <1>     mov     DWORD[TDX_WORK_AREA_GPAW], ebx
   274                              <1> 
   275                              <1> ExitInitTdxWorkarea:
   276                              <1>     OneTimeCallRet InitTdxWorkarea
    54 00000557 EB25                <2>  jmp %1 %+ OneTimerCallReturn
   277                              <1> 
   278                              <1> ;
   279                              <1> ; Load the GDT and set the CS/DS/ES/FS/GS/SS.
   280                              <1> ;
   281                              <1> ; Modified:  EAX, DS, ES, FS, GS, SS, CS
   282                              <1> ;
   283                              <1> ReloadFlat32:
   284                              <1> 
   285 00000559 FA                  <1>     cli
   286 0000055A B8A8FEFFFF          <1>     mov     eax, ADDR_OF(gdtr)
   287 0000055F 0F0110              <1>     lgdt    [eax]
   288                              <1> 
   289 00000562 EAD9F9FFFF1000      <1>     jmp     LINEAR_CODE_SEL:dword ADDR_OF(jumpToFlat32BitAndLandHere)
   290                              <1> 
   291                              <1> jumpToFlat32BitAndLandHere:
   292                              <1> 
   293                              <1>     debugShowPostCode POSTCODE_32BIT_MODE
   294                              <1> 
   295 00000569 66B81800            <1>     mov     ax, LINEAR_SEL
   296 0000056D 8ED8                <1>     mov     ds, ax
   297 0000056F 8EC0                <1>     mov     es, ax
   298 00000571 8EE0                <1>     mov     fs, ax
   299 00000573 8EE8                <1>     mov     gs, ax
   300 00000575 8ED0                <1>     mov     ss, ax
   301                              <1> 
   302                              <1>     OneTimeCallRet ReloadFlat32
    54 00000577 E921050000          <2>  jmp %1 %+ OneTimerCallReturn
   303                              <1> 
   304                              <1> ;
   305                              <1> ; Tdx initialization after entering into ResetVector
   306                              <1> ;
   307                              <1> ; Modified:  EAX, EBX, ECX, EDX, EBP, EDI, ESP
   308                              <1> ;
   309                              <1> InitTdx:
   310                              <1>     ;
   311                              <1>     ; Initialization of Tdx work area
   312                              <1>     ;
   313                              <1>     OneTimeCall  InitTdxWorkarea
    49 0000057C EBB3                <2>  jmp %1
    50                              <2> %1 %+ OneTimerCallReturn:
   314                              <1> 
   315                              <1>     OneTimeCallRet InitTdx
    54 0000057E E924050000          <2>  jmp %1 %+ OneTimerCallReturn
   316                              <1> 
   317                              <1> ;
   318                              <1> ; Check TDX features, TDX or TDX-BSP or TDX-APs?
   319                              <1> ;
   320                              <1> ; By design TDX BSP is reponsible for initializing the PageTables.
   321                              <1> ; After PageTables are ready, byte[TDX_WORK_AREA_PGTBL_READY] is set to 1.
   322                              <1> ; APs will spin when byte[TDX_WORK_AREA_PGTBL_READY] is 0 until it is set to 1.
   323                              <1> ;
   324                              <1> ; When this routine is run on TDX BSP, byte[TDX_WORK_AREA_PGTBL_READY] should be 0.
   325                              <1> ; When this routine is run on TDX APs, byte[TDX_WORK_AREA_PGTBL_READY] should be 1.
   326                              <1> ;
   327                              <1> ;
   328                              <1> ; Modified:  EAX, EDX
   329                              <1> ;
   330                              <1> ; 0-NonTdx, 1-TdxBsp, 2-TdxAps, 3-TdxAps5Level
   331                              <1> ;
   332                              <1> CheckTdxFeaturesBeforeBuildPagetables:
   333 00000583 31C0                <1>     xor     eax, eax
   334 00000585 803D00B0800002      <1>     cmp     byte[WORK_AREA_GUEST_TYPE], VM_GUEST_TDX
   335 0000058C 7508                <1>     jne     NotTdx
   336                              <1> 
   337 0000058E 31D2                <1>     xor     edx, edx
   338 00000590 A004B08000          <1>     mov     al, byte[TDX_WORK_AREA_PGTBL_READY]
   339 00000595 40                  <1>     inc     eax
   340                              <1> 
   341                              <1> NotTdx:
   342                              <1>     OneTimeCallRet CheckTdxFeaturesBeforeBuildPagetables
    54 00000596 E91DFDFFFF          <2>  jmp %1 %+ OneTimerCallReturn
   343                              <1> 
   344                              <1> ;
   345                              <1> ; Set byte[TDX_WORK_AREA_PGTBL_READY] to 1
   346                              <1> ;
   347                              <1> TdxPostBuildPageTables:
   348 0000059B C60504B0800001      <1>     mov     byte[TDX_WORK_AREA_PGTBL_READY], 1
   349                              <1>     OneTimeCallRet TdxPostBuildPageTables
    54 000005A2 E912FFFFFF          <2>  jmp %1 %+ OneTimerCallReturn
   350                              <1> 
   351                              <1> %if PG_5_LEVEL
   352                              <1> 
   353                              <1> ;
   354                              <1> ; Set byte[TDX_WORK_AREA_PGTBL_READY] to 2
   355                              <1> ;
   356                              <1> TdxPostBuildPageTables5Level:
   357                              <1>     mov     byte[TDX_WORK_AREA_PGTBL_READY], 2
   358                              <1>     OneTimeCallRet TdxPostBuildPageTables5Level
   359                              <1> 
   360                              <1> %endif
   361                              <1> 
   362                              <1> ;
   363                              <1> ; Check if TDX is enabled
   364                              <1> ;
   365                              <1> ; Modified:  EAX
   366                              <1> ;
   367                              <1> ; If TDX is enabled then EAX will be 1
   368                              <1> ; If TDX is disabled then EAX will be 0.
   369                              <1> ;
   370                              <1> IsTdxEnabled:
   371 000005A7 31C0                <1>     xor     eax, eax
   372 000005A9 803D00B0800002      <1>     cmp     byte[WORK_AREA_GUEST_TYPE], VM_GUEST_TDX
   373 000005B0 7505                <1>     jne     TdxNotEnabled
   374 000005B2 B801000000          <1>     mov     eax, 1
   375                              <1> 
   376                              <1> TdxNotEnabled:
   377                              <1>     OneTimeCallRet IsTdxEnabled
    54 000005B7 E97AFCFFFF          <2>  jmp %1 %+ OneTimerCallReturn
   154                                    %include "X64/OvmfSevMetadata.asm"
   155                              <1> ;-----------------------------------------------------------------------------
   156                              <1> ; @file
   157                              <1> ; OVMF metadata for the AMD SEV confidential computing guests
   158                              <1> ;
   159                              <1> ; Copyright (c) 2021 - 2024, AMD Inc. All rights reserved.<BR>
   160                              <1> ;
   161                              <1> ; SPDX-License-Identifier: BSD-2-Clause-Patent
   162                              <1> ;-----------------------------------------------------------------------------
   163                              <1> 
   164                              <1> BITS  64
   165                              <1> 
   166                              <1> %define OVMF_SEV_METADATA_VERSION     1
   167                              <1> 
   168                              <1> ; The section must be accepted or validated by the VMM before the boot
   169                              <1> %define OVMF_SECTION_TYPE_SNP_SEC_MEM     0x1
   170                              <1> 
   171                              <1> ; AMD SEV-SNP specific sections
   172                              <1> %define OVMF_SECTION_TYPE_SNP_SECRETS     0x2
   173                              <1> 
   174                              <1> ;
   175                              <1> ; The section contains the hypervisor pre-populated CPUID values.
   176                              <1> ; In the case of SEV-SNP, the CPUID values are filtered and measured by
   177                              <1> ; the SEV-SNP firmware.
   178                              <1> ; The CPUID format is documented in SEV-SNP firmware spec 0.9 section 7.1
   179                              <1> ; (CPUID function structure).
   180                              <1> ;
   181                              <1> %define OVMF_SECTION_TYPE_CPUID           0x3
   182                              <1> 
   183                              <1> ; The SVSM Calling Area Address (CAA)
   184                              <1> %define OVMF_SECTION_TYPE_SVSM_CAA        0x4
   185                              <1> 
   186                              <1> ; Kernel hashes section for measured direct boot
   187                              <1> %define OVMF_SECTION_TYPE_KERNEL_HASHES   0x10
   188                              <1> 
   189 000005BC 90<rep 4h>          <1> ALIGN 16
   190                              <1> 
   191 000005C0 00<rep Ch>          <1> TIMES (15 - ((OvmfSevGuidedStructureEnd - OvmfSevGuidedStructureStart + 15) % 16)) DB 0
   192                              <1> 
   193                              <1> OvmfSevGuidedStructureStart:
   194                              <1> ;
   195                              <1> ; OvmfSev metadata descriptor
   196                              <1> ;
   197                              <1> OvmfSevMetadataGuid:
   198                              <1> 
   199                              <1> _DescriptorSev:
   200 000005CC 41534556            <1>   DB 'A','S','E','V'                                        ; Signature
   201 000005D0 64000000            <1>   DD OvmfSevGuidedStructureEnd - _DescriptorSev             ; Length
   202 000005D4 01000000            <1>   DD OVMF_SEV_METADATA_VERSION                              ; Version
   203 000005D8 07000000            <1>   DD (OvmfSevGuidedStructureEnd - _DescriptorSev - 16) / 12 ; Number of sections
   204                              <1> 
   205                              <1> ; Region need to be pre-validated by the hypervisor
   206                              <1> PreValidate1:
   207 000005DC 00008000            <1>   DD  SNP_SEC_MEM_BASE_DESC_1
   208 000005E0 00900000            <1>   DD  SNP_SEC_MEM_SIZE_DESC_1
   209 000005E4 01000000            <1>   DD  OVMF_SECTION_TYPE_SNP_SEC_MEM
   210                              <1> PreValidate2:
   211 000005E8 00A08000            <1>   DD  SNP_SEC_MEM_BASE_DESC_2
   212 000005EC 00300000            <1>   DD  SNP_SEC_MEM_SIZE_DESC_2
   213 000005F0 01000000            <1>   DD  OVMF_SECTION_TYPE_SNP_SEC_MEM
   214                              <1> 
   215                              <1> ; SEV-SNP Secrets page
   216                              <1> SevSnpSecrets:
   217 000005F4 00D08000            <1>   DD  SEV_SNP_SECRETS_BASE
   218 000005F8 00100000            <1>   DD  SEV_SNP_SECRETS_SIZE
   219 000005FC 02000000            <1>   DD  OVMF_SECTION_TYPE_SNP_SECRETS
   220                              <1> 
   221                              <1> ; CPUID values
   222                              <1> CpuidSec:
   223 00000600 00E08000            <1>   DD  CPUID_BASE
   224 00000604 00100000            <1>   DD  CPUID_SIZE
   225 00000608 03000000            <1>   DD  OVMF_SECTION_TYPE_CPUID
   226                              <1> 
   227                              <1> ; SVSM CAA page
   228                              <1> SvsmCaa:
   229 0000060C 00F08000            <1>   DD  SVSM_CAA_BASE
   230 00000610 00100000            <1>   DD  SVSM_CAA_SIZE
   231 00000614 04000000            <1>   DD  OVMF_SECTION_TYPE_SVSM_CAA
   232                              <1> 
   233                              <1> ; Region need to be pre-validated by the hypervisor
   234                              <1> PreValidate3:
   235 00000618 00108100            <1>   DD  SNP_SEC_MEM_BASE_DESC_3
   236 0000061C 00F00100            <1>   DD  SNP_SEC_MEM_SIZE_DESC_3
   237 00000620 01000000            <1>   DD  OVMF_SECTION_TYPE_SNP_SEC_MEM
   238                              <1> 
   239                              <1> %if (SEV_SNP_KERNEL_HASHES_BASE > 0)
   240                              <1> ; Kernel hashes for measured direct boot, or zero page if
   241                              <1> ; there are no kernel hashes / SEV secrets
   242                              <1> SevSnpKernelHashes:
   243 00000624 00008100            <1>   DD  SEV_SNP_KERNEL_HASHES_BASE
   244 00000628 00100000            <1>   DD  SEV_SNP_KERNEL_HASHES_SIZE
   245 0000062C 10000000            <1>   DD  OVMF_SECTION_TYPE_KERNEL_HASHES
   246                              <1> %endif
   247                              <1> 
   248                              <1> OvmfSevGuidedStructureEnd:
   249                              <1>   ALIGN   16
   155                                    %include "X64/IgvmMetadata.asm"
   156                              <1> ;-----------------------------------------------------------------------------
   157                              <1> ; @file
   158                              <1> ; OVMF metadata for IGVM parameters
   159                              <1> ;
   160                              <1> ; Copyright (c) 2021 - 2024, AMD Inc. All rights reserved.<BR>
   161                              <1> ;
   162                              <1> ; SPDX-License-Identifier: BSD-2-Clause-Patent
   163                              <1> ;-----------------------------------------------------------------------------
   164                              <1> 
   165                              <1> BITS  64
   166                              <1> ALIGN 16
   167                              <1> 
   168                              <1> %define IGVM_ID_PARAM_AREA                               0x100
   169                              <1> %define IGVM_ID_PARAM_MEMORY_MAP                         0x101
   170                              <1> %define IGVM_ID_PARAM_VP_COUNT                           0x102
   171                              <1> 
   172                              <1> %define IGVM_ID_HOB_AREA                                 0x200
   173                              <1> 
   174                              <1> ; keep in sync with OvmfPkg/Library/PlatformInitLib/Igvm.c
   175                              <1> %define MEMORY_MAP_OFFSET                                    0
   176                              <1> %define MEMORY_MAP_ENTRIES                                   8
   177                              <1> %define MEMORY_MAP_SIZE              (MEMORY_MAP_ENTRIES * 24)
   178                              <1> 
   179                              <1> %define VP_COUNT_OFFSET  (MEMORY_MAP_OFFSET + MEMORY_MAP_SIZE)
   180                              <1> %define VP_COUNT_SIZE                                       16
   181                              <1> 
   182                              <1> IgvmParamStart:
   183                              <1> _IgvmDescriptor:
   184 00000630 4947564D            <1>   DB 'I','G','V','M'                            ; Signature
   185 00000634 40000000            <1>   DD IgvmParamEnd - IgvmParamStart              ; Length
   186 00000638 01000000            <1>   DD 1                                          ; Version
   187 0000063C 04000000            <1>   DD (IgvmParamEnd - IgvmParamStart - 16) / 12  ; Number of sections
   188                              <1> 
   189                              <1> %if (IGVM_PARAM_SIZE > 0)
   190                              <1> 
   191                              <1> _IgvmParamArea:
   192 00000640 00208100            <1>   DD  IGVM_PARAM_START
   193 00000644 00100000            <1>   DD  IGVM_PARAM_SIZE
   194 00000648 00010000            <1>   DD  IGVM_ID_PARAM_AREA
   195                              <1> 
   196                              <1> _IgvmMemoryMap:
   197 0000064C 00000000            <1>   DD  MEMORY_MAP_OFFSET
   198 00000650 C0000000            <1>   DD  MEMORY_MAP_SIZE
   199 00000654 01010000            <1>   DD  IGVM_ID_PARAM_MEMORY_MAP
   200                              <1> 
   201                              <1> _IgvmVpCount:
   202 00000658 C0000000            <1>   DD  VP_COUNT_OFFSET
   203 0000065C 10000000            <1>   DD  VP_COUNT_SIZE
   204 00000660 02010000            <1>   DD  IGVM_ID_PARAM_VP_COUNT
   205                              <1> 
   206                              <1> %endif
   207                              <1> 
   208                              <1> %if (IGVM_HOB_SIZE > 0)
   209                              <1> 
   210                              <1> _IgvmHobArea:
   211 00000664 00308100            <1>   DD  IGVM_HOB_START
   212 00000668 00100000            <1>   DD  IGVM_HOB_SIZE
   213 0000066C 00020000            <1>   DD  IGVM_ID_HOB_AREA
   214                              <1> 
   215                              <1> %endif
   216                              <1> 
   217                              <1> IgvmParamEnd:
   156                                  %endif
   157                                  
   158                                  %include "Ia32/AmdSev.asm"
   159                              <1> ;------------------------------------------------------------------------------
   160                              <1> ; @file
   161                              <1> ; Provide the functions to check whether SEV and SEV-ES is enabled.
   162                              <1> ;
   163                              <1> ; Copyright (c) 2017 - 2021, Advanced Micro Devices, Inc. All rights reserved.<BR>
   164                              <1> ; SPDX-License-Identifier: BSD-2-Clause-Patent
   165                              <1> ;
   166                              <1> ;------------------------------------------------------------------------------
   167                              <1> 
   168                              <1> BITS    32
   169                              <1> 
   170                              <1> ;
   171                              <1> ; SEV-ES #VC exception handler support
   172                              <1> ;
   173                              <1> ; #VC handler local variable locations
   174                              <1> ;
   175                              <1> %define VC_CPUID_RESULT_EAX         0
   176                              <1> %define VC_CPUID_RESULT_EBX         4
   177                              <1> %define VC_CPUID_RESULT_ECX         8
   178                              <1> %define VC_CPUID_RESULT_EDX        12
   179                              <1> %define VC_GHCB_MSR_EDX            16
   180                              <1> %define VC_GHCB_MSR_EAX            20
   181                              <1> %define VC_CPUID_REQUEST_REGISTER  24
   182                              <1> %define VC_CPUID_FUNCTION          28
   183                              <1> 
   184                              <1> ; #VC handler total local variable size
   185                              <1> ;
   186                              <1> %define VC_VARIABLE_SIZE           32
   187                              <1> 
   188                              <1> ; #VC handler GHCB CPUID request/response protocol values
   189                              <1> ;
   190                              <1> %define GHCB_CPUID_REQUEST          4
   191                              <1> %define GHCB_CPUID_RESPONSE         5
   192                              <1> %define GHCB_CPUID_REGISTER_SHIFT  30
   193                              <1> %define CPUID_INSN_LEN              2
   194                              <1> 
   195                              <1> ; #VC handler offsets/sizes for accessing SNP CPUID page
   196                              <1> ;
   197                              <1> %define SNP_CPUID_ENTRY_SZ         48
   198                              <1> %define SNP_CPUID_COUNT             0
   199                              <1> %define SNP_CPUID_ENTRY            16
   200                              <1> %define SNP_CPUID_ENTRY_EAX_IN      0
   201                              <1> %define SNP_CPUID_ENTRY_ECX_IN      4
   202                              <1> %define SNP_CPUID_ENTRY_EAX        24
   203                              <1> %define SNP_CPUID_ENTRY_EBX        28
   204                              <1> %define SNP_CPUID_ENTRY_ECX        32
   205                              <1> %define SNP_CPUID_ENTRY_EDX        36
   206                              <1> 
   207                              <1> 
   208                              <1> %define SEV_GHCB_MSR                0xc0010130
   209                              <1> %define SEV_STATUS_MSR              0xc0010131
   210                              <1> 
   211                              <1> ; The #VC was not for CPUID
   212                              <1> %define TERM_VC_NOT_CPUID           1
   213                              <1> 
   214                              <1> ; The unexpected response code
   215                              <1> %define TERM_UNEXPECTED_RESP_CODE   2
   216                              <1> 
   217                              <1> %define PAGE_PRESENT            0x01
   218                              <1> %define PAGE_READ_WRITE         0x02
   219                              <1> %define PAGE_USER_SUPERVISOR    0x04
   220                              <1> %define PAGE_WRITE_THROUGH      0x08
   221                              <1> %define PAGE_CACHE_DISABLE     0x010
   222                              <1> %define PAGE_ACCESSED          0x020
   223                              <1> %define PAGE_DIRTY             0x040
   224                              <1> %define PAGE_PAT               0x080
   225                              <1> %define PAGE_GLOBAL           0x0100
   226                              <1> %define PAGE_2M_MBO            0x080
   227                              <1> %define PAGE_2M_PAT          0x01000
   228                              <1> 
   229                              <1> %define PAGE_4K_PDE_ATTR (PAGE_ACCESSED +                           PAGE_DIRTY +                           PAGE_READ_WRITE +                           PAGE_PRESENT)
   233                              <1> 
   234                              <1> %define PAGE_PDP_ATTR (PAGE_ACCESSED +                        PAGE_READ_WRITE +                        PAGE_PRESENT)
   237                              <1> 
   238                              <1> 
   239                              <1> ; Macro is used to issue the MSR protocol based VMGEXIT. The caller is
   240                              <1> ; responsible to populate values in the EDX:EAX registers. After the vmmcall
   241                              <1> ; returns, it verifies that the response code matches with the expected
   242                              <1> ; code. If it does not match then terminate the guest. The result of request
   243                              <1> ; is returned in the EDX:EAX.
   244                              <1> ;
   245                              <1> ; args 1:Request code, 2: Response code
   246                              <1> %macro VmgExit 2
   247                              <1>     ;
   248                              <1>     ; Add request code:
   249                              <1>     ;   GHCB_MSR[11:0]  = Request code
   250                              <1>     or      eax, %1
   251                              <1> 
   252                              <1>     mov     ecx, SEV_GHCB_MSR
   253                              <1>     wrmsr
   254                              <1> 
   255                              <1>     ; Issue VMGEXIT - NASM doesn't support the vmmcall instruction in 32-bit
   256                              <1>     ; mode, so work around this by temporarily switching to 64-bit mode.
   257                              <1>     ;
   258                              <1> BITS    64
   259                              <1>     rep     vmmcall
   260                              <1> BITS    32
   261                              <1> 
   262                              <1>     mov     ecx, SEV_GHCB_MSR
   263                              <1>     rdmsr
   264                              <1> 
   265                              <1>     ;
   266                              <1>     ; Verify the reponse code, if it does not match then request to terminate
   267                              <1>     ;   GHCB_MSR[11:0]  = Response code
   268                              <1>     mov     ecx, eax
   269                              <1>     and     ecx, 0xfff
   270                              <1>     cmp     ecx, %2
   271                              <1>     jne     SevEsUnexpectedRespTerminate
   272                              <1> %endmacro
   273                              <1> 
   274                              <1> ; Macro to terminate the guest using the VMGEXIT.
   275                              <1> ; arg 1: reason code
   276                              <1> %macro TerminateVmgExit 1
   277                              <1>     mov     eax, %1
   278                              <1>     ;
   279                              <1>     ; Use VMGEXIT to request termination. At this point the reason code is
   280                              <1>     ; located in EAX, so shift it left 16 bits to the proper location.
   281                              <1>     ;
   282                              <1>     ; EAX[11:0]  => 0x100 - request termination
   283                              <1>     ; EAX[15:12] => 0x1   - OVMF
   284                              <1>     ; EAX[23:16] => 0xXX  - REASON CODE
   285                              <1>     ;
   286                              <1>     shl     eax, 16
   287                              <1>     or      eax, 0x1100
   288                              <1>     xor     edx, edx
   289                              <1>     mov     ecx, SEV_GHCB_MSR
   290                              <1>     wrmsr
   291                              <1>     ;
   292                              <1>     ; Issue VMGEXIT - NASM doesn't support the vmmcall instruction in 32-bit
   293                              <1>     ; mode, so work around this by temporarily switching to 64-bit mode.
   294                              <1>     ;
   295                              <1> BITS    64
   296                              <1>     rep     vmmcall
   297                              <1> BITS    32
   298                              <1> 
   299                              <1>     ;
   300                              <1>     ; We shouldn't come back from the VMGEXIT, but if we do, just loop.
   301                              <1>     ;
   302                              <1> %%TerminateHlt:
   303                              <1>     hlt
   304                              <1>     jmp     %%TerminateHlt
   305                              <1> %endmacro
   306                              <1> 
   307                              <1> ; Terminate the guest due to unexpected response code.
   308                              <1> SevEsUnexpectedRespTerminate:
   309                              <1>     TerminateVmgExit    TERM_UNEXPECTED_RESP_CODE
   277 00000670 B802000000          <2>  mov eax, %1
   278                              <2> 
   279                              <2> 
   280                              <2> 
   281                              <2> 
   282                              <2> 
   283                              <2> 
   284                              <2> 
   285                              <2> 
   286 00000675 C1E010              <2>  shl eax, 16
   287 00000678 0D00110000          <2>  or eax, 0x1100
   288 0000067D 31D2                <2>  xor edx, edx
   289 0000067F B9300101C0          <2>  mov ecx, SEV_GHCB_MSR
   290 00000684 0F30                <2>  wrmsr
   291                              <2> 
   292                              <2> 
   293                              <2> 
   294                              <2> 
   295                              <2> BITS 64
   296 00000686 F30F01D9            <2>  rep vmmcall
   297                              <2> BITS 32
   298                              <2> 
   299                              <2> 
   300                              <2> 
   301                              <2> 
   302                              <2> %%TerminateHlt:
   303 0000068A F4                  <2>  hlt
   304 0000068B EBFD                <2>  jmp %%TerminateHlt
   310                              <1> 
   311                              <1> %ifdef ARCH_X64
   312                              <1> 
   313                              <1> ; If SEV-ES is enabled then initialize and make the GHCB page shared
   314                              <1> SevClearPageEncMaskForGhcbPage:
   315                              <1>     ; Check if SEV-ES is enabled
   316 0000068D B901000000          <1>     mov       ecx, 1
   317 00000692 0FA30D04B08000      <1>     bt        [SEV_ES_WORK_AREA_STATUS_MSR], ecx
   318 00000699 734F                <1>     jnc       SevClearPageEncMaskForGhcbPageExit
   319                              <1> 
   320                              <1>     ;
   321                              <1>     ; The initial GHCB will live at GHCB_BASE and needs to be un-encrypted.
   322                              <1>     ; This requires the 2MB page for this range be broken down into 512 4KB
   323                              <1>     ; pages.  All will be marked encrypted, except for the GHCB. Since the
   324                              <1>     ; original PMD entry is no longer a leaf entry, remove the encryption
   325                              <1>     ; bit when pointing to the PTE page.
   326                              <1>     ;
   327 0000069B B904000000          <1>     mov     ecx, (GHCB_BASE >> 21)
   328 000006A0 B823808000          <1>     mov     eax, GHCB_PT_ADDR + PAGE_PDP_ATTR
   329 000006A5 8904CD00208000      <1>     mov     [ecx * 8 + PT_ADDR (0x2000)], eax
   330 000006AC C704CD042080000000- <1>     mov     [ecx * 8 + PT_ADDR (0x2000) + 4], strict dword 0
   330 000006B5 0000                <1>
   331                              <1> 
   332                              <1>     ;
   333                              <1>     ; Page Table Entries (512 * 4KB entries => 2MB)
   334                              <1>     ;
   335 000006B7 B900020000          <1>     mov     ecx, 512
   336                              <1> pageTableEntries4kLoop:
   337 000006BC 89C8                <1>     mov     eax, ecx
   338 000006BE 48                  <1>     dec     eax
   339 000006BF C1E00C              <1>     shl     eax, 12
   340 000006C2 0500008000          <1>     add     eax, GHCB_BASE & 0xFFE0_0000
   341 000006C7 83C063              <1>     add     eax, PAGE_4K_PDE_ATTR
   342 000006CA 8904CDF87F8000      <1>     mov     [ecx * 8 + GHCB_PT_ADDR - 8], eax
   343 000006D1 8914CDFC7F8000      <1>     mov     [(ecx * 8 + GHCB_PT_ADDR - 8) + 4], edx
   344 000006D8 E2E2                <1>     loop    pageTableEntries4kLoop
   345                              <1> 
   346                              <1>     ;
   347                              <1>     ; Clear the encryption bit from the GHCB entry
   348                              <1>     ;
   349 000006DA B909000000          <1>     mov     ecx, (GHCB_BASE & 0x1F_FFFF) >> 12
   350 000006DF C704CD048080000000- <1>     mov     [ecx * 8 + GHCB_PT_ADDR + 4], strict dword 0
   350 000006E8 0000                <1>
   351                              <1> 
   352                              <1> SevClearPageEncMaskForGhcbPageExit:
   353                              <1>     OneTimeCallRet SevClearPageEncMaskForGhcbPage
    54 000006EA E928FDFFFF          <2>  jmp %1 %+ OneTimerCallReturn
   354                              <1> 
   355                              <1> ; Get the C-bit mask above 31.
   356                              <1> ; Modified: EDX
   357                              <1> ;
   358                              <1> ; The value is returned in the EDX
   359                              <1> GetSevCBitMaskAbove31:
   360 000006EF 8B1518B08000        <1>     mov       edx, dword[SEV_ES_WORK_AREA_ENC_MASK + 4]
   361                              <1>     OneTimeCallRet GetSevCBitMaskAbove31
    54 000006F5 E994FCFFFF          <2>  jmp %1 %+ OneTimerCallReturn
   362                              <1> 
   363                              <1> %endif
   364                              <1> 
   365                              <1> ; Check if Secure Encrypted Virtualization (SEV) features are enabled.
   366                              <1> ;
   367                              <1> ; Register usage is tight in this routine, so multiple calls for the
   368                              <1> ; same CPUID and MSR data are performed to keep things simple.
   369                              <1> ;
   370                              <1> ; Modified:  EAX, EBX, ECX, EDX, ESP
   371                              <1> ;
   372                              <1> ; If SEV is enabled then EAX will be at least 32.
   373                              <1> ; If SEV is disabled then EAX will be zero.
   374                              <1> ;
   375                              <1> CheckSevFeatures:
   376                              <1>     ;
   377                              <1>     ; Clear the workarea, if SEV is enabled then later part of routine
   378                              <1>     ; will populate the workarea fields.
   379                              <1>     ;
   380 000006FA B919000000          <1>     mov    ecx, SEV_ES_WORK_AREA_SIZE
   381 000006FF B804B08000          <1>     mov    eax, SEV_ES_WORK_AREA
   382                              <1> ClearSevEsWorkArea:
   383 00000704 C60000              <1>     mov    byte [eax], 0
   384 00000707 40                  <1>     inc    eax
   385 00000708 E2FA                <1>     loop   ClearSevEsWorkArea
   386                              <1> 
   387                              <1>     ; Check if we have a valid (0x8000_001F) CPUID leaf
   388                              <1>     ;   CPUID raises a #VC exception if running as an SEV-ES guest
   389 0000070A B800000080          <1>     mov       eax, 0x80000000
   390 0000070F 0FA2                <1>     cpuid
   391                              <1> 
   392                              <1>     ; This check should fail on Intel or Non SEV AMD CPUs. In future if
   393                              <1>     ; Intel CPUs supports this CPUID leaf then we are guranteed to have exact
   394                              <1>     ; same bit definition.
   395 00000711 3D1F000080          <1>     cmp       eax, 0x8000001f
   396 00000716 7C6B                <1>     jl        NoSev
   397                              <1> 
   398                              <1>     ; Check for SEV memory encryption feature:
   399                              <1>     ; CPUID  Fn8000_001F[EAX] - Bit 1
   400                              <1>     ; Check for the COHERENCY_SFW_NO feature:
   401                              <1>     ; CPUID  Fn8000_001F[EBX] - Bit 31
   402                              <1>     ;   CPUID raises a #VC exception if running as an SEV-ES guest
   403 00000718 B81F000080          <1>     mov       eax, 0x8000001f
   404 0000071D 0FA2                <1>     cpuid
   405                              <1> 
   406                              <1>     ; If COHERENCY_SFW_NO is set, set the CSFW_NO bit in the FLAGS field
   407                              <1>     ; of the workarea (this can be set regardless of whether SEV is enabled).
   408 0000071F 0FBAE31F            <1>     bt        ebx, 31
   409 00000723 7307                <1>     jnc       CheckSev
   410 00000725 800D1CB0800002      <1>     or        byte[SEV_ES_WORK_AREA_FLAGS], SEV_ES_WORK_AREA_FLAG_CSFW_NO
   411                              <1> 
   412                              <1> CheckSev:
   413 0000072C 0FBAE001            <1>     bt        eax, 1
   414 00000730 7351                <1>     jnc       NoSev
   415                              <1> 
   416                              <1>     ; Check if SEV memory encryption is enabled
   417                              <1>     ;  MSR_0xC0010131 - Bit 0 (SEV enabled)
   418 00000732 B9310101C0          <1>     mov       ecx, SEV_STATUS_MSR
   419 00000737 0F32                <1>     rdmsr
   420 00000739 0FBAE000            <1>     bt        eax, 0
   421 0000073D 7344                <1>     jnc       NoSev
   422                              <1> 
   423                              <1>     ; Set the work area header to indicate that the SEV is enabled
   424 0000073F C60500B0800001      <1>     mov     byte[WORK_AREA_GUEST_TYPE], 1
   425                              <1> 
   426                              <1>     ; Save the SevStatus MSR value in the workarea
   427 00000746 A304B08000          <1>     mov     [SEV_ES_WORK_AREA_STATUS_MSR], eax
   428 0000074B 891508B08000        <1>     mov     [SEV_ES_WORK_AREA_STATUS_MSR + 4], edx
   429                              <1> 
   430                              <1>     ; Check if SEV-ES is enabled
   431                              <1>     ;  MSR_0xC0010131 - Bit 1 (SEV-ES enabled)
   432 00000751 B9310101C0          <1>     mov       ecx, SEV_STATUS_MSR
   433 00000756 0F32                <1>     rdmsr
   434 00000758 0FBAE001            <1>     bt        eax, 1
   435 0000075C 7300                <1>     jnc       GetSevEncBit
   436                              <1> 
   437                              <1> GetSevEncBit:
   438                              <1>     ; Get pte bit position to enable memory encryption
   439                              <1>     ; CPUID Fn8000_001F[EBX] - Bits 5:0
   440                              <1>     ;
   441 0000075E 83E33F              <1>     and       ebx, 0x3f
   442 00000761 89D8                <1>     mov       eax, ebx
   443                              <1> 
   444                              <1>     ; The encryption bit position is always above 31
   445 00000763 83EB20              <1>     sub       ebx, 32
   446 00000766 7904                <1>     jns       SevSaveMask
   447                              <1> 
   448                              <1>     ; Encryption bit was reported as 31 or below, enter a HLT loop
   449                              <1> SevEncBitLowHlt:
   450 00000768 FA                  <1>     cli
   451 00000769 F4                  <1>     hlt
   452 0000076A EBFC                <1>     jmp       SevEncBitLowHlt
   453                              <1> 
   454                              <1> SevSaveMask:
   455 0000076C 31D2                <1>     xor       edx, edx
   456 0000076E 0FABDA              <1>     bts       edx, ebx
   457                              <1> 
   458 00000771 C70514B08000000000- <1>     mov       dword[SEV_ES_WORK_AREA_ENC_MASK], 0
   458 0000077A 00                  <1>
   459 0000077B 891518B08000        <1>     mov       dword[SEV_ES_WORK_AREA_ENC_MASK + 4], edx
   460 00000781 EB0F                <1>     jmp       SevExit
   461                              <1> 
   462                              <1> NoSev:
   463                              <1>     ;
   464                              <1>     ; Perform an SEV-ES sanity check by seeing if a #VC exception occurred.
   465                              <1>     ;
   466                              <1>     ; If SEV-ES is enabled, the CPUID instruction will trigger a #VC exception
   467                              <1>     ; where the VC bit in the FLAGS field in the workarea will be set to one.
   468                              <1>     ;
   469 00000783 F6051CB0800001      <1>     test      byte[SEV_ES_WORK_AREA_FLAGS], SEV_ES_WORK_AREA_FLAG_VC
   470 0000078A 7404                <1>     jz        NoSevPass
   471                              <1> 
   472                              <1>     ;
   473                              <1>     ; A #VC was received, yet CPUID indicates no SEV-ES support, something
   474                              <1>     ; isn't right.
   475                              <1>     ;
   476                              <1> NoSevEsVcHlt:
   477 0000078C FA                  <1>     cli
   478 0000078D F4                  <1>     hlt
   479 0000078E EBFC                <1>     jmp       NoSevEsVcHlt
   480                              <1> 
   481                              <1> NoSevPass:
   482 00000790 31C0                <1>     xor       eax, eax
   483                              <1> 
   484                              <1> SevExit:
   485                              <1>     OneTimeCallRet CheckSevFeatures
    54 00000792 E938FBFFFF          <2>  jmp %1 %+ OneTimerCallReturn
   486                              <1> 
   487                              <1> ; Start of #VC exception handling routines
   488                              <1> ;
   489                              <1> 
   490                              <1> SevEsIdtNotCpuid:
   491                              <1>     TerminateVmgExit TERM_VC_NOT_CPUID
   277 00000797 B801000000          <2>  mov eax, %1
   278                              <2> 
   279                              <2> 
   280                              <2> 
   281                              <2> 
   282                              <2> 
   283                              <2> 
   284                              <2> 
   285                              <2> 
   286 0000079C C1E010              <2>  shl eax, 16
   287 0000079F 0D00110000          <2>  or eax, 0x1100
   288 000007A4 31D2                <2>  xor edx, edx
   289 000007A6 B9300101C0          <2>  mov ecx, SEV_GHCB_MSR
   290 000007AB 0F30                <2>  wrmsr
   291                              <2> 
   292                              <2> 
   293                              <2> 
   294                              <2> 
   295                              <2> BITS 64
   296 000007AD F30F01D9            <2>  rep vmmcall
   297                              <2> BITS 32
   298                              <2> 
   299                              <2> 
   300                              <2> 
   301                              <2> 
   302                              <2> %%TerminateHlt:
   303 000007B1 F4                  <2>  hlt
   304 000007B2 EBFD                <2>  jmp %%TerminateHlt
   492 000007B4 CF                  <1>     iret
   493                              <1> 
   494                              <1> ; Use the SNP CPUID page to handle the cpuid lookup
   495                              <1> ;
   496                              <1> ;  Modified: EAX, EBX, ECX, EDX
   497                              <1> ;
   498                              <1> ;  Relies on the stack setup/usage in #VC handler:
   499                              <1> ;
   500                              <1> ;    On entry,
   501                              <1> ;      [esp + VC_CPUID_FUNCTION] contains EAX input to cpuid instruction
   502                              <1> ;
   503                              <1> ;    On return, stores corresponding results of CPUID lookup in:
   504                              <1> ;      [esp + VC_CPUID_RESULT_EAX]
   505                              <1> ;      [esp + VC_CPUID_RESULT_EBX]
   506                              <1> ;      [esp + VC_CPUID_RESULT_ECX]
   507                              <1> ;      [esp + VC_CPUID_RESULT_EDX]
   508                              <1> ;
   509                              <1> SnpCpuidLookup:
   510 000007B5 8B44241C            <1>     mov     eax, [esp + VC_CPUID_FUNCTION]
   511 000007B9 8B1D00E08000        <1>     mov     ebx, [CPUID_BASE + SNP_CPUID_COUNT]
   512 000007BF B910E08000          <1>     mov     ecx, CPUID_BASE + SNP_CPUID_ENTRY
   513                              <1>     ; Zero these out now so we can simply return if lookup fails
   514 000007C4 C7042400000000      <1>     mov     dword[esp + VC_CPUID_RESULT_EAX], 0
   515 000007CB C744240400000000    <1>     mov     dword[esp + VC_CPUID_RESULT_EBX], 0
   516 000007D3 C744240800000000    <1>     mov     dword[esp + VC_CPUID_RESULT_ECX], 0
   517 000007DB C744240C00000000    <1>     mov     dword[esp + VC_CPUID_RESULT_EDX], 0
   518                              <1> 
   519                              <1> SnpCpuidCheckEntry:
   520 000007E3 83FB00              <1>     cmp     ebx, 0
   521 000007E6 0F84C0000000        <1>     je      VmmDoneSnpCpuid
   522 000007EC 3901                <1>     cmp     dword[ecx + SNP_CPUID_ENTRY_EAX_IN], eax
   523 000007EE 7506                <1>     jne     SnpCpuidCheckEntryNext
   524                              <1>     ; As with SEV-ES handler we assume requested CPUID sub-leaf/index is 0
   525 000007F0 83790400            <1>     cmp     dword[ecx + SNP_CPUID_ENTRY_ECX_IN], 0
   526 000007F4 7406                <1>     je      SnpCpuidEntryFound
   527                              <1> 
   528                              <1> SnpCpuidCheckEntryNext:
   529 000007F6 4B                  <1>     dec     ebx
   530 000007F7 83C130              <1>     add     ecx, SNP_CPUID_ENTRY_SZ
   531 000007FA EBE7                <1>     jmp     SnpCpuidCheckEntry
   532                              <1> 
   533                              <1> SnpCpuidEntryFound:
   534 000007FC 8B4118              <1>     mov     eax, [ecx + SNP_CPUID_ENTRY_EAX]
   535 000007FF 890424              <1>     mov     [esp + VC_CPUID_RESULT_EAX], eax
   536 00000802 8B411C              <1>     mov     eax, [ecx + SNP_CPUID_ENTRY_EBX]
   537 00000805 89442404            <1>     mov     [esp + VC_CPUID_RESULT_EBX], eax
   538 00000809 8B4120              <1>     mov     eax, [ecx + SNP_CPUID_ENTRY_ECX]
   539 0000080C 89442408            <1>     mov     [esp + VC_CPUID_RESULT_ECX], eax
   540 00000810 8B4124              <1>     mov     eax, [ecx + SNP_CPUID_ENTRY_EDX]
   541 00000813 8944240C            <1>     mov     [esp + VC_CPUID_RESULT_EDX], eax
   542 00000817 E990000000          <1>     jmp     VmmDoneSnpCpuid
   543                              <1> 
   544                              <1> ;
   545                              <1> ; Total stack usage for the #VC handler is 44 bytes:
   546                              <1> ;   - 12 bytes for the exception IRET (after popping error code)
   547                              <1> ;   - 32 bytes for the local variables.
   548                              <1> ;
   549                              <1> SevEsIdtVmmComm:
   550                              <1>     ;
   551                              <1>     ; If we're here, then we are an SEV-ES guest and this
   552                              <1>     ; was triggered by a CPUID instruction
   553                              <1>     ;
   554                              <1>     ; Set the VC bit in the FLAGS field in the workarea to communicate
   555                              <1>     ; that a #VC was taken.
   556 0000081C 800D1CB0800001      <1>     or      byte[SEV_ES_WORK_AREA_FLAGS], SEV_ES_WORK_AREA_FLAG_VC
   557                              <1> 
   558 00000823 59                  <1>     pop     ecx                     ; Error code
   559 00000824 83F972              <1>     cmp     ecx, 0x72               ; Be sure it was CPUID
   560 00000827 0F856AFFFFFF        <1>     jne     SevEsIdtNotCpuid
   561                              <1> 
   562                              <1>     ; Set up local variable room on the stack
   563                              <1>     ;   CPUID function         : + 28
   564                              <1>     ;   CPUID request register : + 24
   565                              <1>     ;   GHCB MSR (EAX)         : + 20
   566                              <1>     ;   GHCB MSR (EDX)         : + 16
   567                              <1>     ;   CPUID result (EDX)     : + 12
   568                              <1>     ;   CPUID result (ECX)     : + 8
   569                              <1>     ;   CPUID result (EBX)     : + 4
   570                              <1>     ;   CPUID result (EAX)     : + 0
   571 0000082D 83EC20              <1>     sub     esp, VC_VARIABLE_SIZE
   572                              <1> 
   573                              <1>     ; Save the CPUID function being requested
   574 00000830 8944241C            <1>     mov     [esp + VC_CPUID_FUNCTION], eax
   575                              <1> 
   576                              <1>     ; If SEV-SNP is enabled, use the CPUID page to handle the CPUID
   577                              <1>     ; instruction.
   578 00000834 B9310101C0          <1>     mov     ecx, SEV_STATUS_MSR
   579 00000839 0F32                <1>     rdmsr
   580 0000083B 0FBAE002            <1>     bt      eax, 2
   581 0000083F 0F8270FFFFFF        <1>     jc      SnpCpuidLookup
   582                              <1> 
   583                              <1>     ; The GHCB CPUID protocol uses the following mapping to request
   584                              <1>     ; a specific register:
   585                              <1>     ;   0 => EAX, 1 => EBX, 2 => ECX, 3 => EDX
   586                              <1>     ;
   587                              <1>     ; Set EAX as the first register to request. This will also be used as a
   588                              <1>     ; loop variable to request all register values (EAX to EDX).
   589 00000845 31C0                <1>     xor     eax, eax
   590 00000847 89442418            <1>     mov     [esp + VC_CPUID_REQUEST_REGISTER], eax
   591                              <1> 
   592                              <1>     ; Save current GHCB MSR value
   593 0000084B B9300101C0          <1>     mov     ecx, SEV_GHCB_MSR
   594 00000850 0F32                <1>     rdmsr
   595 00000852 89442414            <1>     mov     [esp + VC_GHCB_MSR_EAX], eax
   596 00000856 89542410            <1>     mov     [esp + VC_GHCB_MSR_EDX], edx
   597                              <1> 
   598                              <1> NextReg:
   599                              <1>     ;
   600                              <1>     ; Setup GHCB MSR
   601                              <1>     ;   GHCB_MSR[63:32] = CPUID function
   602                              <1>     ;   GHCB_MSR[31:30] = CPUID register
   603                              <1>     ;   GHCB_MSR[11:0]  = CPUID request protocol
   604                              <1>     ;
   605 0000085A 8B442418            <1>     mov     eax, [esp + VC_CPUID_REQUEST_REGISTER]
   606 0000085E 83F804              <1>     cmp     eax, 4
   607 00000861 7D3A                <1>     jge     VmmDone
   608                              <1> 
   609 00000863 C1E01E              <1>     shl     eax, GHCB_CPUID_REGISTER_SHIFT
   610 00000866 8B54241C            <1>     mov     edx, [esp + VC_CPUID_FUNCTION]
   611                              <1> 
   612                              <1>     VmgExit GHCB_CPUID_REQUEST, GHCB_CPUID_RESPONSE
   247                              <2> 
   248                              <2> 
   249                              <2> 
   250 0000086A 83C804              <2>  or eax, %1
   251                              <2> 
   252 0000086D B9300101C0          <2>  mov ecx, SEV_GHCB_MSR
   253 00000872 0F30                <2>  wrmsr
   254                              <2> 
   255                              <2> 
   256                              <2> 
   257                              <2> 
   258                              <2> BITS 64
   259 00000874 F30F01D9            <2>  rep vmmcall
   260                              <2> BITS 32
   261                              <2> 
   262 00000878 B9300101C0          <2>  mov ecx, SEV_GHCB_MSR
   263 0000087D 0F32                <2>  rdmsr
   264                              <2> 
   265                              <2> 
   266                              <2> 
   267                              <2> 
   268 0000087F 89C1                <2>  mov ecx, eax
   269 00000881 81E1FF0F0000        <2>  and ecx, 0xfff
   270 00000887 83F905              <2>  cmp ecx, %2
   271 0000088A 0F85E0FDFFFF        <2>  jne SevEsUnexpectedRespTerminate
   613                              <1> 
   614                              <1>     ;
   615                              <1>     ; Response GHCB MSR
   616                              <1>     ;   GHCB_MSR[63:32] = CPUID register value
   617                              <1>     ;   GHCB_MSR[31:30] = CPUID register
   618                              <1>     ;   GHCB_MSR[11:0]  = CPUID response protocol
   619                              <1>     ;
   620                              <1> 
   621                              <1>     ; Save returned value
   622 00000890 C1E81E              <1>     shr     eax, GHCB_CPUID_REGISTER_SHIFT
   623 00000893 891484              <1>     mov     [esp + eax * 4], edx
   624                              <1> 
   625                              <1>     ; Next register
   626 00000896 66FF442418          <1>     inc     word [esp + VC_CPUID_REQUEST_REGISTER]
   627                              <1> 
   628 0000089B EBBD                <1>     jmp     NextReg
   629                              <1> 
   630                              <1> VmmDone:
   631                              <1>     ;
   632                              <1>     ; At this point we have all CPUID register values. Restore the GHCB MSR,
   633                              <1>     ; set the return register values and return.
   634                              <1>     ;
   635 0000089D 8B442414            <1>     mov     eax, [esp + VC_GHCB_MSR_EAX]
   636 000008A1 8B542410            <1>     mov     edx, [esp + VC_GHCB_MSR_EDX]
   637 000008A5 B9300101C0          <1>     mov     ecx, SEV_GHCB_MSR
   638 000008AA 0F30                <1>     wrmsr
   639                              <1> 
   640                              <1> VmmDoneSnpCpuid:
   641 000008AC 8B0424              <1>     mov     eax, [esp + VC_CPUID_RESULT_EAX]
   642 000008AF 8B5C2404            <1>     mov     ebx, [esp + VC_CPUID_RESULT_EBX]
   643 000008B3 8B4C2408            <1>     mov     ecx, [esp + VC_CPUID_RESULT_ECX]
   644 000008B7 8B54240C            <1>     mov     edx, [esp + VC_CPUID_RESULT_EDX]
   645                              <1> 
   646 000008BB 83C420              <1>     add     esp, VC_VARIABLE_SIZE
   647                              <1> 
   648                              <1>     ; Update the EIP value to skip over the now handled CPUID instruction
   649                              <1>     ; (the CPUID instruction has a length of 2)
   650 000008BE 6683042402          <1>     add     word [esp], CPUID_INSN_LEN
   651 000008C3 CF                  <1>     iret
   652                              <1> 
   653                              <1> %ifdef ARCH_X64
   654                              <1> 
   655                              <1> SevCpuidInit:
   656                              <1>     ;
   657                              <1>     ; Set up exception handlers to check for SEV-ES
   658                              <1>     ;   Load temporary RAM stack based on PCDs (see SevEsIdtVmmComm for
   659                              <1>     ;   stack usage)
   660                              <1>     ;   Establish exception handlers
   661                              <1>     ;
   662 000008C4 BC00008200          <1>     mov       esp, SEV_ES_VC_TOP_OF_STACK
   663 000008C9 B85AFDFFFF          <1>     mov       eax, ADDR_OF(Idtr)
   664 000008CE 2E0F0118            <1>     lidt      [cs:eax]
   665                              <1> 
   666                              <1>     OneTimeCallRet SevCpuidInit
    54 000008D2 E9CB010000          <2>  jmp %1 %+ OneTimerCallReturn
   667                              <1> 
   668                              <1> SevCpuidExit:
   669                              <1>     ;
   670                              <1>     ; Clear exception handlers and stack
   671                              <1>     ;
   672 000008D7 B860FDFFFF          <1>     mov       eax, ADDR_OF(IdtrClear)
   673 000008DC 2E0F0118            <1>     lidt      [cs:eax]
   674 000008E0 31C0                <1>     xor       eax, eax
   675 000008E2 89C4                <1>     mov       esp, eax
   676                              <1> 
   677                              <1>     OneTimeCallRet SevCpuidExit
    54 000008E4 E998F9FFFF          <2>  jmp %1 %+ OneTimerCallReturn
   678                              <1> 
   679                              <1> %endif
   680                              <1> 
   681 000008E9 90                  <1> ALIGN   2
   682                              <1> 
   683                              <1> Idtr:
   684 000008EA FF00                <1>     dw      IDT_END - IDT_BASE - 1  ; Limit
   685 000008EC 70FDFFFF            <1>     dd      ADDR_OF(IDT_BASE)       ; Base
   686                              <1> 
   687                              <1> IdtrClear:
   688 000008F0 0000                <1>     dw      0                       ; Limit
   689 000008F2 00000000            <1>     dd      0                       ; Base
   690                              <1> 
   691 000008F6 90<rep Ah>          <1> ALIGN   16
   692                              <1> 
   693                              <1> ;
   694                              <1> ; The Interrupt Descriptor Table (IDT)
   695                              <1> ;   This will be used to determine if SEV-ES is enabled.  Upon execution
   696                              <1> ;   of the CPUID instruction, a VMM Communication Exception will occur.
   697                              <1> ;   This will tell us if SEV-ES is enabled.  We can use the current value
   698                              <1> ;   of the GHCB MSR to determine the SEV attributes.
   699                              <1> ;
   700                              <1> IDT_BASE:
   701                              <1> ;
   702                              <1> ; Vectors 0 - 28 (No handlers)
   703                              <1> ;
   704                              <1> %rep 29
   705                              <1>     dw      0                                    ; Offset low bits 15..0
   706                              <1>     dw      0x10                                 ; Selector
   707                              <1>     db      0                                    ; Reserved
   708                              <1>     db      0x8E                                 ; Gate Type (IA32_IDT_GATE_TYPE_INTERRUPT_32)
   709                              <1>     dw      0                                    ; Offset high bits 31..16
   710                              <1> %endrep
   705 00000900 0000                <2>  dw 0
   706 00000902 1000                <2>  dw 0x10
   707 00000904 00                  <2>  db 0
   708 00000905 8E                  <2>  db 0x8E
   709 00000906 0000                <2>  dw 0
   705 00000908 0000                <2>  dw 0
   706 0000090A 1000                <2>  dw 0x10
   707 0000090C 00                  <2>  db 0
   708 0000090D 8E                  <2>  db 0x8E
   709 0000090E 0000                <2>  dw 0
   705 00000910 0000                <2>  dw 0
   706 00000912 1000                <2>  dw 0x10
   707 00000914 00                  <2>  db 0
   708 00000915 8E                  <2>  db 0x8E
   709 00000916 0000                <2>  dw 0
   705 00000918 0000                <2>  dw 0
   706 0000091A 1000                <2>  dw 0x10
   707 0000091C 00                  <2>  db 0
   708 0000091D 8E                  <2>  db 0x8E
   709 0000091E 0000                <2>  dw 0
   705 00000920 0000                <2>  dw 0
   706 00000922 1000                <2>  dw 0x10
   707 00000924 00                  <2>  db 0
   708 00000925 8E                  <2>  db 0x8E
   709 00000926 0000                <2>  dw 0
   705 00000928 0000                <2>  dw 0
   706 0000092A 1000                <2>  dw 0x10
   707 0000092C 00                  <2>  db 0
   708 0000092D 8E                  <2>  db 0x8E
   709 0000092E 0000                <2>  dw 0
   705 00000930 0000                <2>  dw 0
   706 00000932 1000                <2>  dw 0x10
   707 00000934 00                  <2>  db 0
   708 00000935 8E                  <2>  db 0x8E
   709 00000936 0000                <2>  dw 0
   705 00000938 0000                <2>  dw 0
   706 0000093A 1000                <2>  dw 0x10
   707 0000093C 00                  <2>  db 0
   708 0000093D 8E                  <2>  db 0x8E
   709 0000093E 0000                <2>  dw 0
   705 00000940 0000                <2>  dw 0
   706 00000942 1000                <2>  dw 0x10
   707 00000944 00                  <2>  db 0
   708 00000945 8E                  <2>  db 0x8E
   709 00000946 0000                <2>  dw 0
   705 00000948 0000                <2>  dw 0
   706 0000094A 1000                <2>  dw 0x10
   707 0000094C 00                  <2>  db 0
   708 0000094D 8E                  <2>  db 0x8E
   709 0000094E 0000                <2>  dw 0
   705 00000950 0000                <2>  dw 0
   706 00000952 1000                <2>  dw 0x10
   707 00000954 00                  <2>  db 0
   708 00000955 8E                  <2>  db 0x8E
   709 00000956 0000                <2>  dw 0
   705 00000958 0000                <2>  dw 0
   706 0000095A 1000                <2>  dw 0x10
   707 0000095C 00                  <2>  db 0
   708 0000095D 8E                  <2>  db 0x8E
   709 0000095E 0000                <2>  dw 0
   705 00000960 0000                <2>  dw 0
   706 00000962 1000                <2>  dw 0x10
   707 00000964 00                  <2>  db 0
   708 00000965 8E                  <2>  db 0x8E
   709 00000966 0000                <2>  dw 0
   705 00000968 0000                <2>  dw 0
   706 0000096A 1000                <2>  dw 0x10
   707 0000096C 00                  <2>  db 0
   708 0000096D 8E                  <2>  db 0x8E
   709 0000096E 0000                <2>  dw 0
   705 00000970 0000                <2>  dw 0
   706 00000972 1000                <2>  dw 0x10
   707 00000974 00                  <2>  db 0
   708 00000975 8E                  <2>  db 0x8E
   709 00000976 0000                <2>  dw 0
   705 00000978 0000                <2>  dw 0
   706 0000097A 1000                <2>  dw 0x10
   707 0000097C 00                  <2>  db 0
   708 0000097D 8E                  <2>  db 0x8E
   709 0000097E 0000                <2>  dw 0
   705 00000980 0000                <2>  dw 0
   706 00000982 1000                <2>  dw 0x10
   707 00000984 00                  <2>  db 0
   708 00000985 8E                  <2>  db 0x8E
   709 00000986 0000                <2>  dw 0
   705 00000988 0000                <2>  dw 0
   706 0000098A 1000                <2>  dw 0x10
   707 0000098C 00                  <2>  db 0
   708 0000098D 8E                  <2>  db 0x8E
   709 0000098E 0000                <2>  dw 0
   705 00000990 0000                <2>  dw 0
   706 00000992 1000                <2>  dw 0x10
   707 00000994 00                  <2>  db 0
   708 00000995 8E                  <2>  db 0x8E
   709 00000996 0000                <2>  dw 0
   705 00000998 0000                <2>  dw 0
   706 0000099A 1000                <2>  dw 0x10
   707 0000099C 00                  <2>  db 0
   708 0000099D 8E                  <2>  db 0x8E
   709 0000099E 0000                <2>  dw 0
   705 000009A0 0000                <2>  dw 0
   706 000009A2 1000                <2>  dw 0x10
   707 000009A4 00                  <2>  db 0
   708 000009A5 8E                  <2>  db 0x8E
   709 000009A6 0000                <2>  dw 0
   705 000009A8 0000                <2>  dw 0
   706 000009AA 1000                <2>  dw 0x10
   707 000009AC 00                  <2>  db 0
   708 000009AD 8E                  <2>  db 0x8E
   709 000009AE 0000                <2>  dw 0
   705 000009B0 0000                <2>  dw 0
   706 000009B2 1000                <2>  dw 0x10
   707 000009B4 00                  <2>  db 0
   708 000009B5 8E                  <2>  db 0x8E
   709 000009B6 0000                <2>  dw 0
   705 000009B8 0000                <2>  dw 0
   706 000009BA 1000                <2>  dw 0x10
   707 000009BC 00                  <2>  db 0
   708 000009BD 8E                  <2>  db 0x8E
   709 000009BE 0000                <2>  dw 0
   705 000009C0 0000                <2>  dw 0
   706 000009C2 1000                <2>  dw 0x10
   707 000009C4 00                  <2>  db 0
   708 000009C5 8E                  <2>  db 0x8E
   709 000009C6 0000                <2>  dw 0
   705 000009C8 0000                <2>  dw 0
   706 000009CA 1000                <2>  dw 0x10
   707 000009CC 00                  <2>  db 0
   708 000009CD 8E                  <2>  db 0x8E
   709 000009CE 0000                <2>  dw 0
   705 000009D0 0000                <2>  dw 0
   706 000009D2 1000                <2>  dw 0x10
   707 000009D4 00                  <2>  db 0
   708 000009D5 8E                  <2>  db 0x8E
   709 000009D6 0000                <2>  dw 0
   705 000009D8 0000                <2>  dw 0
   706 000009DA 1000                <2>  dw 0x10
   707 000009DC 00                  <2>  db 0
   708 000009DD 8E                  <2>  db 0x8E
   709 000009DE 0000                <2>  dw 0
   705 000009E0 0000                <2>  dw 0
   706 000009E2 1000                <2>  dw 0x10
   707 000009E4 00                  <2>  db 0
   708 000009E5 8E                  <2>  db 0x8E
   709 000009E6 0000                <2>  dw 0
   711                              <1> ;
   712                              <1> ; Vector 29 (VMM Communication Exception)
   713                              <1> ;
   714 000009E8 8CFC                <1>     dw      (ADDR_OF(SevEsIdtVmmComm) & 0xffff)  ; Offset low bits 15..0
   715 000009EA 1000                <1>     dw      0x10                                 ; Selector
   716 000009EC 00                  <1>     db      0                                    ; Reserved
   717 000009ED 8E                  <1>     db      0x8E                                 ; Gate Type (IA32_IDT_GATE_TYPE_INTERRUPT_32)
   718 000009EE FFFF                <1>     dw      (ADDR_OF(SevEsIdtVmmComm) >> 16)     ; Offset high bits 31..16
   719                              <1> ;
   720                              <1> ; Vectors 30 - 31 (No handlers)
   721                              <1> ;
   722                              <1> %rep 2
   723                              <1>     dw      0                                    ; Offset low bits 15..0
   724                              <1>     dw      0x10                                 ; Selector
   725                              <1>     db      0                                    ; Reserved
   726                              <1>     db      0x8E                                 ; Gate Type (IA32_IDT_GATE_TYPE_INTERRUPT_32)
   727                              <1>     dw      0                                    ; Offset high bits 31..16
   728                              <1> %endrep
   723 000009F0 0000                <2>  dw 0
   724 000009F2 1000                <2>  dw 0x10
   725 000009F4 00                  <2>  db 0
   726 000009F5 8E                  <2>  db 0x8E
   727 000009F6 0000                <2>  dw 0
   723 000009F8 0000                <2>  dw 0
   724 000009FA 1000                <2>  dw 0x10
   725 000009FC 00                  <2>  db 0
   726 000009FD 8E                  <2>  db 0x8E
   727 000009FE 0000                <2>  dw 0
   729                              <1> IDT_END:
   159                                  
   160                                  %include "Ia16/Real16ToFlat32.asm"
   161                              <1> ;------------------------------------------------------------------------------
   162                              <1> ; @file
   163                              <1> ; Transition from 16 bit real mode into 32 bit flat protected mode
   164                              <1> ;
   165                              <1> ; Copyright (c) 2008 - 2022, Intel Corporation. All rights reserved.<BR>
   166                              <1> ; SPDX-License-Identifier: BSD-2-Clause-Patent
   167                              <1> ;
   168                              <1> ;------------------------------------------------------------------------------
   169                              <1> 
   170                              <1> %define SEC_DEFAULT_CR0  0x00000023
   171                              <1> %define SEC_DEFAULT_CR4  0x640
   172                              <1> 
   173                              <1> BITS    16
   174                              <1> 
   175                              <1> ;
   176                              <1> ; Modified:  EAX, EBX
   177                              <1> ;
   178                              <1> ; @param[out]     DS       Selector allowing flat access to all addresses
   179                              <1> ; @param[out]     ES       Selector allowing flat access to all addresses
   180                              <1> ; @param[out]     FS       Selector allowing flat access to all addresses
   181                              <1> ; @param[out]     GS       Selector allowing flat access to all addresses
   182                              <1> ; @param[out]     SS       Selector allowing flat access to all addresses
   183                              <1> ;
   184                              <1> TransitionFromReal16To32BitFlat:
   185                              <1> 
   186                              <1>     debugShowPostCode POSTCODE_16BIT_MODE
   187                              <1> 
   188 00000A00 FA                  <1>     cli
   189                              <1> 
   190 00000A01 BB00F0              <1>     mov     bx, 0xf000
   191 00000A04 8EDB                <1>     mov     ds, bx
   192                              <1> 
   193 00000A06 BBA8FE              <1>     mov     bx, ADDR16_OF(gdtr)
   194                              <1> 
   195 00000A09 2E660F0117          <1> o32 lgdt    [cs:bx]
   196                              <1> 
   197 00000A0E 66B823000000        <1>     mov     eax, SEC_DEFAULT_CR0
   198 00000A14 0F22C0              <1>     mov     cr0, eax
   199                              <1> 
   200 00000A17 66EA8FFEFFFF1000    <1>     jmp     LINEAR_CODE_SEL:dword ADDR_OF(jumpTo32BitAndLandHere)
   201                              <1> BITS    32
   202                              <1> jumpTo32BitAndLandHere:
   203                              <1> 
   204 00000A1F B840060000          <1>     mov     eax, SEC_DEFAULT_CR4
   205 00000A24 0F22E0              <1>     mov     cr4, eax
   206                              <1> 
   207                              <1>     debugShowPostCode POSTCODE_32BIT_MODE
   208                              <1> 
   209 00000A27 66B81800            <1>     mov     ax, LINEAR_SEL
   210 00000A2B 8ED8                <1>     mov     ds, ax
   211 00000A2D 8EC0                <1>     mov     es, ax
   212 00000A2F 8EE0                <1>     mov     fs, ax
   213 00000A31 8EE8                <1>     mov     gs, ax
   214 00000A33 8ED0                <1>     mov     ss, ax
   215                              <1> 
   216                              <1>     OneTimeCallRet TransitionFromReal16To32BitFlat
    54 00000A35 EB58                <2>  jmp %1 %+ OneTimerCallReturn
   217                              <1> 
   218 00000A37 90                  <1> ALIGN   2
   219                              <1> 
   220                              <1> gdtr:
   221 00000A38 3F00                <1>     dw      GDT_END - GDT_BASE - 1   ; GDT limit
   222 00000A3A B0FEFFFF            <1>     dd      ADDR_OF(GDT_BASE)
   223                              <1> 
   224 00000A3E 90<rep 2h>          <1> ALIGN   16
   225                              <1> 
   226                              <1> ;
   227                              <1> ; Macros for GDT entries
   228                              <1> ;
   229                              <1> 
   230                              <1> %define  PRESENT_FLAG(p) (p << 7)
   231                              <1> %define  DPL(dpl) (dpl << 5)
   232                              <1> %define  SYSTEM_FLAG(s) (s << 4)
   233                              <1> %define  DESC_TYPE(t) (t)
   234                              <1> 
   235                              <1> ; Type: data, expand-up, writable, accessed
   236                              <1> %define  DATA32_TYPE 3
   237                              <1> 
   238                              <1> ; Type: execute, readable, expand-up, accessed
   239                              <1> %define  CODE32_TYPE 0xb
   240                              <1> 
   241                              <1> ; Type: execute, readable, expand-up, accessed
   242                              <1> %define  CODE64_TYPE 0xb
   243                              <1> 
   244                              <1> %define  GRANULARITY_FLAG(g) (g << 7)
   245                              <1> %define  DEFAULT_SIZE32(d) (d << 6)
   246                              <1> %define  CODE64_FLAG(l) (l << 5)
   247                              <1> %define  UPPER_LIMIT(l) (l)
   248                              <1> 
   249                              <1> ;
   250                              <1> ; The Global Descriptor Table (GDT)
   251                              <1> ;
   252                              <1> 
   253                              <1> GDT_BASE:
   254                              <1> ; null descriptor
   255                              <1> NULL_SEL            equ $-GDT_BASE    ; Selector [0x0]
   256 00000A40 0000                <1>     DW      0            ; limit 15:0
   257 00000A42 0000                <1>     DW      0            ; base 15:0
   258 00000A44 00                  <1>     DB      0            ; base 23:16
   259 00000A45 00                  <1>     DB      0            ; sys flag, dpl, type
   260 00000A46 00                  <1>     DB      0            ; limit 19:16, flags
   261 00000A47 00                  <1>     DB      0            ; base 31:24
   262                              <1> 
   263                              <1> ; Spare segment descriptor
   264                              <1> SPARE1_SEL          equ $-GDT_BASE    ; Selector [0x8]
   265 00000A48 0000                <1>     DW      0            ; limit 15:0
   266 00000A4A 0000                <1>     DW      0            ; base 15:0
   267 00000A4C 00                  <1>     DB      0            ; base 23:16
   268 00000A4D 00                  <1>     DB      0            ; sys flag, dpl, type
   269 00000A4E 00                  <1>     DB      0            ; limit 19:16, flags
   270 00000A4F 00                  <1>     DB      0            ; base 31:24
   271                              <1> 
   272                              <1> ; linear code segment descriptor
   273                              <1> LINEAR_CODE_SEL     equ $-GDT_BASE    ; Selector [0x10]
   274 00000A50 FFFF                <1>     DW      0xffff       ; limit 15:0
   275 00000A52 0000                <1>     DW      0            ; base 15:0
   276 00000A54 00                  <1>     DB      0            ; base 23:16
   277 00000A55 9B                  <1>     DB      PRESENT_FLAG(1)|DPL(0)|SYSTEM_FLAG(1)|DESC_TYPE(CODE32_TYPE)           ; 09Bh
   278 00000A56 CF                  <1>     DB      GRANULARITY_FLAG(1)|DEFAULT_SIZE32(1)|CODE64_FLAG(0)|UPPER_LIMIT(0xf)  ; 0CFh
   279 00000A57 00                  <1>     DB      0            ; base 31:24
   280                              <1> 
   281                              <1> ; linear data segment descriptor
   282                              <1> LINEAR_SEL          equ $-GDT_BASE    ; Selector [0x18]
   283 00000A58 FFFF                <1>     DW      0xffff       ; limit 15:0
   284 00000A5A 0000                <1>     DW      0            ; base 15:0
   285 00000A5C 00                  <1>     DB      0            ; base 23:16
   286 00000A5D 93                  <1>     DB      PRESENT_FLAG(1)|DPL(0)|SYSTEM_FLAG(1)|DESC_TYPE(DATA32_TYPE)           ; 093h
   287 00000A5E CF                  <1>     DB      GRANULARITY_FLAG(1)|DEFAULT_SIZE32(1)|CODE64_FLAG(0)|UPPER_LIMIT(0xf)  ; 0CFh
   288 00000A5F 00                  <1>     DB      0            ; base 31:24
   289                              <1> 
   290                              <1> ; Spare segment descriptor
   291                              <1> SPARE2_SEL          equ $-GDT_BASE    ; Selector [0x20]
   292 00000A60 0000                <1>     DW      0            ; limit 15:0
   293 00000A62 0000                <1>     DW      0            ; base 15:0
   294 00000A64 00                  <1>     DB      0            ; base 23:16
   295 00000A65 00                  <1>     DB      0            ; sys flag, dpl, type
   296 00000A66 00                  <1>     DB      0            ; limit 19:16, flags
   297 00000A67 00                  <1>     DB      0            ; base 31:24
   298                              <1> 
   299                              <1> ; linear code (16-bit) segment descriptor
   300                              <1> LINEAR_CODE16_SEL   equ $-GDT_BASE    ; Selector [0x28]
   301 00000A68 FFFF                <1>     DW      0xffff       ; limit 15:0
   302 00000A6A 0000                <1>     DW      0            ; base 15:0
   303 00000A6C 00                  <1>     DB      0            ; base 23:16
   304 00000A6D 9B                  <1>     DB      PRESENT_FLAG(1)|DPL(0)|SYSTEM_FLAG(1)|DESC_TYPE(CODE32_TYPE)           ; 09Bh
   305 00000A6E 8F                  <1>     DB      GRANULARITY_FLAG(1)|DEFAULT_SIZE32(0)|CODE64_FLAG(0)|UPPER_LIMIT(0xf)  ; 08Fh
   306 00000A6F 00                  <1>     DB      0            ; base 31:24
   307                              <1> 
   308                              <1> ; linear data (16-bit) segment descriptor
   309                              <1> LINEAR_DATA16_SEL   equ $-GDT_BASE    ; Selector [0x30]
   310 00000A70 FFFF                <1>     DW      0xffff       ; limit 15:0
   311 00000A72 0000                <1>     DW      0            ; base 15:0
   312 00000A74 00                  <1>     DB      0            ; base 23:16
   313 00000A75 93                  <1>     DB      PRESENT_FLAG(1)|DPL(0)|SYSTEM_FLAG(1)|DESC_TYPE(DATA32_TYPE)           ; 093h
   314 00000A76 00                  <1>     DB      0
   315 00000A77 00                  <1>     DB      0            ; base 31:24
   316                              <1> 
   317                              <1> ; linear code (64-bit) segment descriptor
   318                              <1> LINEAR_CODE64_SEL   equ $-GDT_BASE    ; Selector [0x38]
   319 00000A78 FFFF                <1>     DW      0xffff       ; limit 15:0
   320 00000A7A 0000                <1>     DW      0            ; base 15:0
   321 00000A7C 00                  <1>     DB      0            ; base 23:16
   322 00000A7D 9B                  <1>     DB      PRESENT_FLAG(1)|DPL(0)|SYSTEM_FLAG(1)|DESC_TYPE(CODE64_TYPE)           ; 09Bh
   323 00000A7E AF                  <1>     DB      GRANULARITY_FLAG(1)|DEFAULT_SIZE32(0)|CODE64_FLAG(1)|UPPER_LIMIT(0xf)  ; 0AFh
   324 00000A7F 00                  <1>     DB      0            ; base 31:24
   325                              <1> 
   326                              <1> GDT_END:
   327                              <1> 
   161                                  %include "Ia16/Init16.asm"
   162                              <1> ;------------------------------------------------------------------------------
   163                              <1> ; @file
   164                              <1> ; 16-bit initialization code
   165                              <1> ;
   166                              <1> ; Copyright (c) 2008 - 2009, Intel Corporation. All rights reserved.<BR>
   167                              <1> ; SPDX-License-Identifier: BSD-2-Clause-Patent
   168                              <1> ;
   169                              <1> ;------------------------------------------------------------------------------
   170                              <1> 
   171                              <1> 
   172                              <1> BITS    16
   173                              <1> 
   174                              <1> ;
   175                              <1> ; @param[out] DI    'BP' to indicate boot-strap processor
   176                              <1> ;
   177                              <1> EarlyBspInitReal16:
   178 00000A80 BF4250              <1>     mov     di, 'BP'
   179 00000A83 EB05                <1>     jmp     short Main16
   180                              <1> 
   181                              <1> ;
   182                              <1> ; Modified:  EAX
   183                              <1> ;
   184                              <1> ; @param[in]  EAX   Initial value of the EAX register (BIST: Built-in Self Test)
   185                              <1> ; @param[out] ESP   Initial value of the EAX register (BIST: Built-in Self Test)
   186                              <1> ;
   187                              <1> EarlyInit16:
   188                              <1>     ;
   189                              <1>     ; ESP -  Initial value of the EAX register (BIST: Built-in Self Test)
   190                              <1>     ;
   191 00000A85 6689C4              <1>     mov     esp, eax
   192                              <1> 
   193                              <1>     debugInitialize
    61                              <2> 
    62                              <2> 
    63                              <2> 
   194                              <1> 
   195                              <1>     OneTimeCallRet EarlyInit16
    54 00000A88 EB02                <2>  jmp %1 %+ OneTimerCallReturn
   196                              <1> 
   162                                  
   163                                  %include "Main.asm"
   164                              <1> ;------------------------------------------------------------------------------
   165                              <1> ; @file
   166                              <1> ; Main routine of the pre-SEC code up through the jump into SEC
   167                              <1> ;
   168                              <1> ; Copyright (c) 2008 - 2009, Intel Corporation. All rights reserved.<BR>
   169                              <1> ; SPDX-License-Identifier: BSD-2-Clause-Patent
   170                              <1> ;
   171                              <1> ;------------------------------------------------------------------------------
   172                              <1> 
   173                              <1> 
   174                              <1> BITS    16
   175                              <1> 
   176                              <1> ;
   177                              <1> ; Modified:  EBX, ECX, EDX, EBP
   178                              <1> ;
   179                              <1> ; @param[in,out]  RAX/EAX  Initial value of the EAX register
   180                              <1> ;                          (BIST: Built-in Self Test)
   181                              <1> ; @param[in,out]  DI       'BP': boot-strap processor, or
   182                              <1> ;                          'AP': application processor
   183                              <1> ; @param[out]     RBP/EBP  Address of Boot Firmware Volume (BFV)
   184                              <1> ; @param[out]     DS       Selector allowing flat access to all addresses
   185                              <1> ; @param[out]     ES       Selector allowing flat access to all addresses
   186                              <1> ; @param[out]     FS       Selector allowing flat access to all addresses
   187                              <1> ; @param[out]     GS       Selector allowing flat access to all addresses
   188                              <1> ; @param[out]     SS       Selector allowing flat access to all addresses
   189                              <1> ;
   190                              <1> ; @return         None  This routine jumps to SEC and does not return
   191                              <1> ;
   192                              <1> Main16:
   193                              <1>     OneTimeCall EarlyInit16
    49 00000A8A EBF9                <2>  jmp %1
    50                              <2> %1 %+ OneTimerCallReturn:
   194                              <1> 
   195                              <1>     ;
   196                              <1>     ; Transition the processor from 16-bit real mode to 32-bit flat mode
   197                              <1>     ;
   198                              <1>     OneTimeCall TransitionFromReal16To32BitFlat
    49 00000A8C E971FF              <2>  jmp %1
    50                              <2> %1 %+ OneTimerCallReturn:
   199                              <1> 
   200                              <1> BITS    32
   201                              <1> 
   202                              <1>     ; Clear the WorkArea header. The SEV probe routines will populate the
   203                              <1>     ; work area when detected.
   204 00000A8F C60500B0800000      <1>     mov     byte[WORK_AREA_GUEST_TYPE], 0
   205                              <1> 
   206                              <1> %ifdef ARCH_X64
   207                              <1> 
   208 00000A96 EB05                <1>     jmp SearchBfv
   209                              <1> 
   210                              <1> ;
   211                              <1> ; Entry point of Main32
   212                              <1> ;
   213                              <1> Main32:
   214                              <1>     ;
   215                              <1>     ; First load the GDT and jump to Flat32 mode
   216                              <1>     ;
   217                              <1>     OneTimeCall ReloadFlat32
    49 00000A98 E9BCFAFFFF          <2>  jmp %1
    50                              <2> %1 %+ OneTimerCallReturn:
   218                              <1> 
   219                              <1> SearchBfv:
   220                              <1>     ;
   221                              <1>     ; install #vc exception handler (for cpuid on sev)
   222                              <1>     ;
   223                              <1>     OneTimeCall SevCpuidInit
    49 00000A9D E922FEFFFF          <2>  jmp %1
    50                              <2> %1 %+ OneTimerCallReturn:
   224                              <1> 
   225                              <1>     OneTimeCall InitTdx
    49 00000AA2 E9D5FAFFFF          <2>  jmp %1
    50                              <2> %1 %+ OneTimerCallReturn:
   226                              <1> 
   227                              <1> %endif
   228                              <1> 
   229                              <1>     ;
   230                              <1>     ; Search for the Boot Firmware Volume (BFV)
   231                              <1>     ;
   232                              <1>     OneTimeCall Flat32SearchForBfvBase
    49 00000AA7 E954F5FFFF          <2>  jmp %1
    50                              <2> %1 %+ OneTimerCallReturn:
   233                              <1> 
   234                              <1>     ;
   235                              <1>     ; EBP - Start of BFV
   236                              <1>     ;
   237                              <1> 
   238                              <1>     ;
   239                              <1>     ; Search for the SEC entry point
   240                              <1>     ;
   241                              <1>     OneTimeCall Flat32SearchForSecEntryPoint
    49 00000AAC E9C6F5FFFF          <2>  jmp %1
    50                              <2> %1 %+ OneTimerCallReturn:
   242                              <1> 
   243                              <1>     ;
   244                              <1>     ; ESI - SEC Core entry point
   245                              <1>     ; EBP - Start of BFV
   246                              <1>     ;
   247                              <1> 
   248                              <1> %ifdef ARCH_IA32
   249                              <1> 
   250                              <1>     ;
   251                              <1>     ; SEV support can be built and run using the Ia32/X64 split environment.
   252                              <1>     ; Set the OVMF/SEV work area as appropriate.
   253                              <1>     ;
   254                              <1>     OneTimeCall CheckSevFeatures
   255                              <1> 
   256                              <1>     ;
   257                              <1>     ; Restore initial EAX value into the EAX register
   258                              <1>     ;
   259                              <1>     mov     eax, esp
   260                              <1> 
   261                              <1>     ;
   262                              <1>     ; Jump to the 32-bit SEC entry point
   263                              <1>     ;
   264                              <1>     jmp     esi
   265                              <1> 
   266                              <1> %else
   267                              <1> 
   268                              <1>     ;
   269                              <1>     ; Transition the processor from 32-bit flat mode to 64-bit flat mode
   270                              <1>     ;
   271                              <1>     OneTimeCall Transition32FlatTo64Flat
    49 00000AB1 E96AF7FFFF          <2>  jmp %1
    50                              <2> %1 %+ OneTimerCallReturn:
   272                              <1> 
   273                              <1> BITS    64
   274                              <1> 
   275                              <1>     ;
   276                              <1>     ; Some values were calculated in 32-bit mode.  Make sure the upper
   277                              <1>     ; 32-bits of 64-bit registers are zero for these values.
   278                              <1>     ;
   279 00000AB6 B8FFFFFFFF          <1>     mov     rax, 0x00000000ffffffff
   280 00000ABB 4821C6              <1>     and     rsi, rax
   281 00000ABE 4821C5              <1>     and     rbp, rax
   282 00000AC1 4821C4              <1>     and     rsp, rax
   283                              <1> 
   284                              <1>     ;
   285                              <1>     ; RSI - SEC Core entry point
   286                              <1>     ; RBP - Start of BFV
   287                              <1>     ;
   288                              <1> 
   289                              <1>     ;
   290                              <1>     ; Restore initial EAX value into the RAX register
   291                              <1>     ;
   292 00000AC4 4889E0              <1>     mov     rax, rsp
   293                              <1> 
   294                              <1>     ;
   295                              <1>     ; Jump to the 64-bit SEC entry point
   296                              <1>     ;
   297 00000AC7 FFE6                <1>     jmp     rsi
   298                              <1> 
   299                              <1> %endif
   164                                  
   165                                    %define SEV_ES_AP_RESET_IP 8433668
   166                                    %define SEV_LAUNCH_SECRET_BASE 000810000h
   167                                    %define SEV_LAUNCH_SECRET_SIZE 000000C00h
   168                                    %define SEV_FW_HASH_BLOCK_BASE 000810C00h
   169                                    %define SEV_FW_HASH_BLOCK_SIZE 000000400h
   170                                  %include "Ia16/ResetVectorVtf0.asm"
   171                              <1> ;------------------------------------------------------------------------------
   172                              <1> ; @file
   173                              <1> ; First code executed by processor after resetting.
   174                              <1> ; Derived from UefiCpuPkg/ResetVector/Vtf0/Ia16/ResetVectorVtf0.asm
   175                              <1> ;
   176                              <1> ; Copyright (c) 2008 - 2014, Intel Corporation. All rights reserved.<BR>
   177                              <1> ; SPDX-License-Identifier: BSD-2-Clause-Patent
   178                              <1> ;
   179                              <1> ;------------------------------------------------------------------------------
   180                              <1> 
   181                              <1> BITS    16
   182                              <1> 
   183 00000AC9 90<rep 7h>          <1> ALIGN   16
   184                              <1> 
   185                              <1> ;
   186                              <1> ; Pad the image size to 4k when page tables are in VTF0
   187                              <1> ;
   188                              <1> ; If the VTF0 image has page tables built in, then we need to make
   189                              <1> ; sure the end of VTF0 is 4k above where the page tables end.
   190                              <1> ;
   191                              <1> ; This is required so the page tables will be 4k aligned when VTF0 is
   192                              <1> ; located just below 0x100000000 (4GB) in the firmware device.
   193                              <1> ;
   194                              <1> %ifdef ALIGN_TOP_TO_4K_FOR_PAGING
   195                              <1>     TIMES (0x1000 - ($ - EndOfPageTables) - 0x20) DB 0
   196                              <1> %endif
   197                              <1> 
   198                              <1> ;
   199                              <1> ; Padding to ensure first guid starts at 0xffffffd0
   200                              <1> ;
   201 00000AD0 00<rep 2h>          <1> TIMES (15 - ((guidedStructureEnd - guidedStructureStart + 15) % 16)) DB 0
   202                              <1> 
   203                              <1> ; GUIDed structure.  To traverse this you should first verify the
   204                              <1> ; presence of the table footer guid
   205                              <1> ; (96b582de-1fb2-45f7-baea-a366c55a082d) at 0xffffffd0.  If that
   206                              <1> ; is found, the two bytes at 0xffffffce are the entire table length.
   207                              <1> ;
   208                              <1> ; The table is composed of structures with the form:
   209                              <1> ;
   210                              <1> ; Data (arbitrary bytes identified by guid)
   211                              <1> ; length from start of data to end of guid (2 bytes)
   212                              <1> ; guid (16 bytes)
   213                              <1> ;
   214                              <1> ; so work back from the footer using the length to traverse until you
   215                              <1> ; either find the guid you're looking for or run off the beginning of
   216                              <1> ; the table.
   217                              <1> ;
   218                              <1> guidedStructureStart:
   219                              <1> 
   220                              <1> %ifdef ARCH_X64
   221                              <1> ;
   222                              <1> ; IGVM Metadata offset block
   223                              <1> ;
   224                              <1> ; GUID : 784fa70e-3176-4677-8a20-04b68699e374
   225                              <1> ;
   226                              <1> igvmMetadataOffsetStart:
   227 00000AD2 60050000            <1>     DD      fourGigabytes - IgvmParamStart
   228 00000AD6 1600                <1>     DW      igvmMetadataOffsetEnd - igvmMetadataOffsetStart
   229 00000AD8 0EA74F7876317746    <1>     DB      0x0E, 0xA7, 0x4F, 0x78, 0x76, 0x31, 0x77, 0x46
   230 00000AE0 8A2004B68699E374    <1>     DB      0x8A, 0x20, 0x04, 0xB6, 0x86, 0x99, 0xE3, 0x74
   231                              <1> igvmMetadataOffsetEnd:
   232                              <1> 
   233                              <1> ;
   234                              <1> ; TDX Metadata offset block
   235                              <1> ;
   236                              <1> ; TdxMetadata.asm is included in ARCH_X64 because Inte TDX is only
   237                              <1> ; available in ARCH_X64. Below block describes the offset of
   238                              <1> ; TdxMetadata block in Ovmf image
   239                              <1> ;
   240                              <1> ; GUID : e47a6535-984a-4798-865e-4685a7bf8ec2
   241                              <1> ;
   242                              <1> tdxMetadataOffsetStart:
   243 00000AE8 400A0000            <1>     DD      fourGigabytes - TdxMetadataGuid - 16
   244 00000AEC 1600                <1>     DW      tdxMetadataOffsetEnd - tdxMetadataOffsetStart
   245 00000AEE 35657AE44A989847    <1>     DB      0x35, 0x65, 0x7a, 0xe4, 0x4a, 0x98, 0x98, 0x47
   246 00000AF6 865E4685A7BF8EC2    <1>     DB      0x86, 0x5e, 0x46, 0x85, 0xa7, 0xbf, 0x8e, 0xc2
   247                              <1> tdxMetadataOffsetEnd:
   248                              <1> 
   249                              <1> ;
   250                              <1> ; SEV metadata descriptor
   251                              <1> ;
   252                              <1> ; Provide the start offset of the metadata blob within the OVMF binary.
   253                              <1> 
   254                              <1> ; GUID : dc886566-984a-4798-A75e-5585a7bf67cc
   255                              <1> ;
   256                              <1> OvmfSevMetadataOffsetStart:
   257 00000AFE C4050000            <1>   DD      (fourGigabytes - OvmfSevMetadataGuid)
   258 00000B02 1600                <1>   DW      OvmfSevMetadataOffsetEnd - OvmfSevMetadataOffsetStart
   259 00000B04 666588DC4A989847    <1>   DB      0x66, 0x65, 0x88, 0xdc, 0x4a, 0x98, 0x98, 0x47
   260 00000B0C A75E5585A7BF67CC    <1>   DB      0xA7, 0x5e, 0x55, 0x85, 0xa7, 0xbf, 0x67, 0xcc
   261                              <1> OvmfSevMetadataOffsetEnd:
   262                              <1> 
   263                              <1> %endif
   264                              <1> 
   265                              <1> ; SEV Hash Table Block
   266                              <1> ;
   267                              <1> ; This describes the guest ram area where the hypervisor should
   268                              <1> ; install a table describing the hashes of certain firmware configuration
   269                              <1> ; device files that would otherwise be passed in unchecked.  The current
   270                              <1> ; use is for the kernel, initrd and command line values, but others may be
   271                              <1> ; added.  The data format is:
   272                              <1> ;
   273                              <1> ; base physical address (32 bit word)
   274                              <1> ; table length (32 bit word)
   275                              <1> ;
   276                              <1> ; GUID (SEV FW config hash block): 7255371f-3a3b-4b04-927b-1da6efa8d454
   277                              <1> ;
   278                              <1> sevFwHashBlockStart:
   279 00000B14 000C8100            <1>     DD      SEV_FW_HASH_BLOCK_BASE
   280 00000B18 00040000            <1>     DD      SEV_FW_HASH_BLOCK_SIZE
   281 00000B1C 1A00                <1>     DW      sevFwHashBlockEnd - sevFwHashBlockStart
   282 00000B1E 1F3755723B3A044B    <1>     DB      0x1f, 0x37, 0x55, 0x72, 0x3b, 0x3a, 0x04, 0x4b
   283 00000B26 927B1DA6EFA8D454    <1>     DB      0x92, 0x7b, 0x1d, 0xa6, 0xef, 0xa8, 0xd4, 0x54
   284                              <1> sevFwHashBlockEnd:
   285                              <1> 
   286                              <1> ; SEV Secret block
   287                              <1> ;
   288                              <1> ; This describes the guest ram area where the hypervisor should
   289                              <1> ; inject the secret.  The data format is:
   290                              <1> ;
   291                              <1> ; base physical address (32 bit word)
   292                              <1> ; table length (32 bit word)
   293                              <1> ;
   294                              <1> ; GUID (SEV secret block): 4c2eb361-7d9b-4cc3-8081-127c90d3d294
   295                              <1> ;
   296                              <1> sevSecretBlockStart:
   297 00000B2E 00008100            <1>     DD      SEV_LAUNCH_SECRET_BASE
   298 00000B32 000C0000            <1>     DD      SEV_LAUNCH_SECRET_SIZE
   299 00000B36 1A00                <1>     DW      sevSecretBlockEnd - sevSecretBlockStart
   300 00000B38 61B32E4C9B7DC34C    <1>     DB      0x61, 0xB3, 0x2E, 0x4C, 0x9B, 0x7D, 0xC3, 0x4C
   301 00000B40 8081127C90D3D294    <1>     DB      0x80, 0x81, 0x12, 0x7C, 0x90, 0xD3, 0xD2, 0x94
   302                              <1> sevSecretBlockEnd:
   303                              <1> 
   304                              <1> ;
   305                              <1> ; SEV-ES Processor Reset support
   306                              <1> ;
   307                              <1> ; sevEsResetBlock:
   308                              <1> ;   For the initial boot of an AP under SEV-ES, the "reset" RIP must be
   309                              <1> ;   programmed to the RAM area defined by SEV_ES_AP_RESET_IP. The data
   310                              <1> ;   format is:
   311                              <1> ;
   312                              <1> ;   IP value [0:15]
   313                              <1> ;   CS segment base [31:16]
   314                              <1> ;
   315                              <1> ;   GUID (SEV-ES reset block): 00f771de-1a7e-4fcb-890e-68c77e2fb44e
   316                              <1> ;
   317                              <1> ;   A hypervisor reads the CS segement base and IP value. The CS segment base
   318                              <1> ;   value represents the high order 16-bits of the CS segment base, so the
   319                              <1> ;   hypervisor must left shift the value of the CS segement base by 16 bits to
   320                              <1> ;   form the full CS segment base for the CS segment register. It would then
   321                              <1> ;   program the EIP register with the IP value as read.
   322                              <1> ;
   323                              <1> 
   324                              <1> sevEsResetBlockStart:
   325 00000B48 04B08000            <1>     DD      SEV_ES_AP_RESET_IP
   326 00000B4C 1600                <1>     DW      sevEsResetBlockEnd - sevEsResetBlockStart
   327 00000B4E DE71F7007E1ACB4F    <1>     DB      0xDE, 0x71, 0xF7, 0x00, 0x7E, 0x1A, 0xCB, 0x4F
   328 00000B56 890E68C77E2FB44E    <1>     DB      0x89, 0x0E, 0x68, 0xC7, 0x7E, 0x2F, 0xB4, 0x4E
   329                              <1> sevEsResetBlockEnd:
   330                              <1> 
   331                              <1> ;
   332                              <1> ; Table footer:
   333                              <1> ;
   334                              <1> ; length of whole table (16 bit word)
   335                              <1> ; GUID (table footer): 96b582de-1fb2-45f7-baea-a366c55a082d
   336                              <1> ;
   337 00000B5E 9E00                <1>     DW      guidedStructureEnd - guidedStructureStart
   338 00000B60 DE82B596B21FF745    <1>     DB      0xDE, 0x82, 0xB5, 0x96, 0xB2, 0x1F, 0xF7, 0x45
   339 00000B68 BAEAA366C55A082D    <1>     DB      0xBA, 0xEA, 0xA3, 0x66, 0xC5, 0x5A, 0x08, 0x2D
   340                              <1> 
   341                              <1> guidedStructureEnd:
   342                              <1> 
   343                              <1> ALIGN   16
   344                              <1> 
   345                              <1> ;
   346                              <1> ; 0xffffffe0
   347                              <1> ;
   348 00000B70 000000000000000000- <1>     DD      0, 0, 0
   348 00000B79 000000              <1>
   349                              <1> 
   350                              <1> ;
   351                              <1> ; The VTF signature (0xffffffec)
   352                              <1> ;
   353                              <1> ; VTF-0 means that the VTF (Volume Top File) code does not require
   354                              <1> ; any fixups.
   355                              <1> ;
   356                              <1> vtfSignature:
   357 00000B7C 56544600            <1>     DB      'V', 'T', 'F', 0
   358                              <1> 
   359                              <1> ALIGN   16
   360                              <1> 
   361                              <1> resetVector:
   362                              <1> ;
   363                              <1> ; Reset Vector
   364                              <1> ;
   365                              <1> ; This is where the processor will begin execution
   366                              <1> ;
   367                              <1> ; In IA32 we follow the standard reset vector flow. While in X64, Td guest
   368                              <1> ; may be supported. Td guest requires the startup mode to be 32-bit
   369                              <1> ; protected mode but the legacy VM startup mode is 16-bit real mode.
   370                              <1> ; To make NASM generate such shared entry code that behaves correctly in
   371                              <1> ; both 16-bit and 32-bit mode, more BITS directives are added.
   372                              <1> ;
   373                              <1> %ifdef ARCH_IA32
   374                              <1>     nop
   375                              <1>     nop
   376                              <1>     jmp     EarlyBspInitReal16
   377                              <1> 
   378                              <1> %else
   379                              <1> 
   380 00000B80 0F20C0              <1>     mov     eax, cr0
   381 00000B83 A801                <1>     test    al, 1
   382 00000B85 7405                <1>     jz      .Real
   383                              <1> BITS 32
   384 00000B87 E90CFFFFFF          <1>     jmp     Main32
   385                              <1> BITS 16
   386                              <1> .Real:
   387 00000B8C E9F1FE              <1>     jmp     EarlyBspInitReal16
   388                              <1> 
   389                              <1> %endif
   390                              <1> 
   391 00000B8F 90                  <1> ALIGN   16
   392                              <1> 
   393                              <1> fourGigabytes:
   394                              <1> 
